2026-03-28T13:16:26 INFO boot run_id=unscoped project=/home/tjpresley/Projects/voidrift
2026-03-28T13:16:26 INFO loaded 136 resource sections from /home/tjpresley/Projects/voidrift/resources
2026-03-28T13:16:26 INFO boot run_id=unscoped project=/home/tjpresley/Projects/voidrift
2026-03-28T13:16:26 INFO loaded 136 resource sections from /home/tjpresley/Projects/voidrift/resources
2026-03-28T13:16:26 INFO boot run_id=unscoped project=/home/tjpresley/Projects/voidrift
2026-03-28T13:16:26 INFO loaded 136 resource sections from /home/tjpresley/Projects/voidrift/resources
2026-03-28T13:16:26 INFO boot run_id=plan-20260328-131626 project=/home/tjpresley/Projects/voidrift
2026-03-28T13:16:26 INFO loaded 136 resource sections from /home/tjpresley/Projects/voidrift/resources
2026-03-28T13:16:26 INFO boot run_id=plan-20260328-131626 project=/home/tjpresley/Projects/voidrift
2026-03-28T13:16:26 INFO loaded 136 resource sections from /home/tjpresley/Projects/voidrift/resources
2026-03-28T13:16:26 INFO boot run_id=plan-20260328-131626 project=/home/tjpresley/Projects/voidrift
2026-03-28T13:16:26 INFO loaded 136 resource sections from /home/tjpresley/Projects/voidrift/resources
2026-03-28T13:16:26 INFO boot run_id=plan-20260328-131626 project=/home/tjpresley/Projects/voidrift
2026-03-28T13:16:26 INFO loaded 136 resource sections from /home/tjpresley/Projects/voidrift/resources
2026-03-28T13:16:26 INFO boot run_id=develop-20260328-131626 project=/home/tjpresley/Projects/voidrift
2026-03-28T13:16:27 INFO loaded 136 resource sections from /home/tjpresley/Projects/voidrift/resources
2026-03-28T13:16:33 INFO boot run_id=develop-20260328-131633 project=/home/tjpresley/Projects/voidrift
2026-03-28T13:16:33 INFO loaded 136 resource sections from /home/tjpresley/Projects/voidrift/resources
2026-03-28T13:16:33 WARNING skill not found: backend
2026-03-28T13:16:33 WARNING skill not found: tdd
2026-03-28T13:16:33 WARNING skill not found: tdd
2026-03-28T13:16:33 INFO boot run_id=develop-20260328-131633 project=/home/tjpresley/Projects/voidrift
2026-03-28T13:16:34 INFO loaded 136 resource sections from /home/tjpresley/Projects/voidrift/resources
2026-03-28T13:16:34 INFO boot run_id=develop-20260328-131634 project=/home/tjpresley/Projects/voidrift
2026-03-28T13:16:34 INFO loaded 136 resource sections from /home/tjpresley/Projects/voidrift/resources
2026-03-28T13:16:34 WARNING skill not found: frontend
2026-03-28T13:16:34 INFO boot run_id=automate-20260328-131634 project=/home/tjpresley/Projects/voidrift
2026-03-28T13:16:34 INFO loaded 136 resource sections from /home/tjpresley/Projects/voidrift/resources
2026-03-28T13:16:34 INFO boot run_id=automate-20260328-131634 project=/home/tjpresley/Projects/voidrift
2026-03-28T13:16:34 INFO loaded 136 resource sections from /home/tjpresley/Projects/voidrift/resources
2026-03-28T13:16:34 INFO boot run_id=automate-20260328-131634 project=/home/tjpresley/Projects/voidrift
2026-03-28T13:16:34 INFO loaded 136 resource sections from /home/tjpresley/Projects/voidrift/resources
2026-03-28T13:16:34 INFO boot run_id=verify-20260328-131634 project=/home/tjpresley/Projects/voidrift
2026-03-28T13:16:34 INFO loaded 136 resource sections from /home/tjpresley/Projects/voidrift/resources
2026-03-28T13:16:34 INFO boot run_id=verify-20260328-131634 project=/home/tjpresley/Projects/voidrift
2026-03-28T13:16:34 INFO loaded 136 resource sections from /home/tjpresley/Projects/voidrift/resources
2026-03-28T13:16:34 INFO boot run_id=verify-20260328-131634 project=/home/tjpresley/Projects/voidrift
2026-03-28T13:16:34 INFO loaded 136 resource sections from /home/tjpresley/Projects/voidrift/resources
2026-03-28T13:16:34 INFO boot run_id=verify-20260328-131634 project=/home/tjpresley/Projects/voidrift
2026-03-28T13:16:34 INFO loaded 136 resource sections from /home/tjpresley/Projects/voidrift/resources
2026-03-28T14:05:32 INFO boot run_id=unscoped project=/home/tjpresley/Projects/voidrift/cli
2026-03-28T14:05:32 INFO loaded 136 resource sections from /home/tjpresley/Projects/voidrift/resources
2026-03-28T14:05:32 INFO boot run_id=unscoped project=/home/tjpresley/Projects/voidrift/cli
2026-03-28T14:05:32 INFO loaded 136 resource sections from /home/tjpresley/Projects/voidrift/resources
2026-03-28T14:05:32 INFO boot run_id=unscoped project=/home/tjpresley/Projects/voidrift/cli
2026-03-28T14:05:32 INFO loaded 136 resource sections from /home/tjpresley/Projects/voidrift/resources
2026-03-28T14:05:32 INFO boot run_id=plan-20260328-140532 project=/home/tjpresley/Projects/voidrift/cli
2026-03-28T14:05:32 INFO loaded 136 resource sections from /home/tjpresley/Projects/voidrift/resources
2026-03-28T14:05:32 INFO boot run_id=plan-20260328-140532 project=/home/tjpresley/Projects/voidrift/cli
2026-03-28T14:05:32 INFO loaded 136 resource sections from /home/tjpresley/Projects/voidrift/resources
2026-03-28T14:05:32 INFO boot run_id=plan-20260328-140532 project=/home/tjpresley/Projects/voidrift/cli
2026-03-28T14:05:33 INFO loaded 136 resource sections from /home/tjpresley/Projects/voidrift/resources
2026-03-28T14:05:33 INFO boot run_id=plan-20260328-140533 project=/home/tjpresley/Projects/voidrift/cli
2026-03-28T14:05:33 INFO loaded 136 resource sections from /home/tjpresley/Projects/voidrift/resources
2026-03-28T14:05:33 INFO boot run_id=develop-20260328-140533 project=/home/tjpresley/Projects/voidrift/cli
2026-03-28T14:05:33 INFO loaded 136 resource sections from /home/tjpresley/Projects/voidrift/resources
2026-03-28T14:05:40 INFO boot run_id=develop-20260328-140540 project=/home/tjpresley/Projects/voidrift/cli
2026-03-28T14:05:40 INFO loaded 136 resource sections from /home/tjpresley/Projects/voidrift/resources
2026-03-28T14:05:40 INFO boot run_id=develop-20260328-140540 project=/home/tjpresley/Projects/voidrift/cli
2026-03-28T14:05:40 INFO loaded 136 resource sections from /home/tjpresley/Projects/voidrift/resources
2026-03-28T14:05:40 INFO boot run_id=develop-20260328-140540 project=/home/tjpresley/Projects/voidrift/cli
2026-03-28T14:05:40 INFO loaded 136 resource sections from /home/tjpresley/Projects/voidrift/resources
2026-03-28T14:05:40 INFO boot run_id=automate-20260328-140540 project=/home/tjpresley/Projects/voidrift/cli
2026-03-28T14:05:40 INFO loaded 136 resource sections from /home/tjpresley/Projects/voidrift/resources
2026-03-28T14:05:40 INFO boot run_id=automate-20260328-140540 project=/home/tjpresley/Projects/voidrift/cli
2026-03-28T14:05:40 INFO loaded 136 resource sections from /home/tjpresley/Projects/voidrift/resources
2026-03-28T14:05:40 INFO boot run_id=automate-20260328-140540 project=/home/tjpresley/Projects/voidrift/cli
2026-03-28T14:05:40 INFO loaded 136 resource sections from /home/tjpresley/Projects/voidrift/resources
2026-03-28T14:05:40 INFO boot run_id=verify-20260328-140540 project=/home/tjpresley/Projects/voidrift/cli
2026-03-28T14:05:40 INFO loaded 136 resource sections from /home/tjpresley/Projects/voidrift/resources
2026-03-28T14:05:40 INFO boot run_id=verify-20260328-140540 project=/home/tjpresley/Projects/voidrift/cli
2026-03-28T14:05:40 INFO loaded 136 resource sections from /home/tjpresley/Projects/voidrift/resources
2026-03-28T14:05:40 INFO boot run_id=verify-20260328-140540 project=/home/tjpresley/Projects/voidrift/cli
2026-03-28T14:05:40 INFO loaded 136 resource sections from /home/tjpresley/Projects/voidrift/resources
2026-03-28T14:05:40 INFO boot run_id=verify-20260328-140540 project=/home/tjpresley/Projects/voidrift/cli
2026-03-28T14:05:40 INFO loaded 136 resource sections from /home/tjpresley/Projects/voidrift/resources
2026-03-28T14:07:26 INFO boot run_id=unscoped project=/home/tjpresley/Projects/voidrift/cli
2026-03-28T14:07:26 INFO loaded 144 resource sections from /home/tjpresley/Projects/voidrift/resources
2026-03-28T14:07:26 INFO boot run_id=unscoped project=/home/tjpresley/Projects/voidrift/cli
2026-03-28T14:07:27 INFO loaded 144 resource sections from /home/tjpresley/Projects/voidrift/resources
2026-03-28T14:07:27 INFO boot run_id=unscoped project=/home/tjpresley/Projects/voidrift/cli
2026-03-28T14:07:27 INFO loaded 144 resource sections from /home/tjpresley/Projects/voidrift/resources
2026-03-28T14:07:27 INFO boot run_id=plan-20260328-140727 project=/home/tjpresley/Projects/voidrift/cli
2026-03-28T14:07:27 INFO loaded 144 resource sections from /home/tjpresley/Projects/voidrift/resources
2026-03-28T14:07:27 INFO boot run_id=plan-20260328-140727 project=/home/tjpresley/Projects/voidrift/cli
2026-03-28T14:07:27 INFO loaded 144 resource sections from /home/tjpresley/Projects/voidrift/resources
2026-03-28T14:07:27 INFO boot run_id=plan-20260328-140727 project=/home/tjpresley/Projects/voidrift/cli
2026-03-28T14:07:27 INFO loaded 144 resource sections from /home/tjpresley/Projects/voidrift/resources
2026-03-28T14:07:27 INFO boot run_id=plan-20260328-140727 project=/home/tjpresley/Projects/voidrift/cli
2026-03-28T14:07:27 INFO loaded 144 resource sections from /home/tjpresley/Projects/voidrift/resources
2026-03-28T14:07:27 INFO boot run_id=develop-20260328-140727 project=/home/tjpresley/Projects/voidrift/cli
2026-03-28T14:07:27 INFO loaded 144 resource sections from /home/tjpresley/Projects/voidrift/resources
2026-03-28T14:07:34 INFO boot run_id=develop-20260328-140734 project=/home/tjpresley/Projects/voidrift/cli
2026-03-28T14:07:34 INFO loaded 144 resource sections from /home/tjpresley/Projects/voidrift/resources
2026-03-28T14:07:34 INFO boot run_id=develop-20260328-140734 project=/home/tjpresley/Projects/voidrift/cli
2026-03-28T14:07:34 INFO loaded 144 resource sections from /home/tjpresley/Projects/voidrift/resources
2026-03-28T14:07:34 INFO boot run_id=develop-20260328-140734 project=/home/tjpresley/Projects/voidrift/cli
2026-03-28T14:07:34 INFO loaded 144 resource sections from /home/tjpresley/Projects/voidrift/resources
2026-03-28T14:07:34 INFO boot run_id=automate-20260328-140734 project=/home/tjpresley/Projects/voidrift/cli
2026-03-28T14:07:34 INFO loaded 144 resource sections from /home/tjpresley/Projects/voidrift/resources
2026-03-28T14:07:34 INFO boot run_id=automate-20260328-140734 project=/home/tjpresley/Projects/voidrift/cli
2026-03-28T14:07:34 INFO loaded 144 resource sections from /home/tjpresley/Projects/voidrift/resources
2026-03-28T14:07:34 INFO boot run_id=automate-20260328-140734 project=/home/tjpresley/Projects/voidrift/cli
2026-03-28T14:07:34 INFO loaded 144 resource sections from /home/tjpresley/Projects/voidrift/resources
2026-03-28T14:07:34 INFO boot run_id=verify-20260328-140734 project=/home/tjpresley/Projects/voidrift/cli
2026-03-28T14:07:34 INFO loaded 144 resource sections from /home/tjpresley/Projects/voidrift/resources
2026-03-28T14:07:34 INFO boot run_id=verify-20260328-140734 project=/home/tjpresley/Projects/voidrift/cli
2026-03-28T14:07:34 INFO loaded 144 resource sections from /home/tjpresley/Projects/voidrift/resources
2026-03-28T14:07:34 INFO boot run_id=verify-20260328-140734 project=/home/tjpresley/Projects/voidrift/cli
2026-03-28T14:07:34 INFO loaded 144 resource sections from /home/tjpresley/Projects/voidrift/resources
2026-03-28T14:07:34 INFO boot run_id=verify-20260328-140734 project=/home/tjpresley/Projects/voidrift/cli
2026-03-28T14:07:34 INFO loaded 144 resource sections from /home/tjpresley/Projects/voidrift/resources
2026-03-28T14:08:07 INFO boot run_id=unscoped project=/home/tjpresley/Projects/voidrift/cli
2026-03-28T14:08:07 INFO loaded 144 resource sections from /home/tjpresley/Projects/voidrift/resources
2026-03-28T14:08:07 INFO boot run_id=unscoped project=/home/tjpresley/Projects/voidrift/cli
2026-03-28T14:08:07 INFO loaded 144 resource sections from /home/tjpresley/Projects/voidrift/resources
2026-03-28T14:08:07 INFO boot run_id=unscoped project=/home/tjpresley/Projects/voidrift/cli
2026-03-28T14:08:07 INFO loaded 144 resource sections from /home/tjpresley/Projects/voidrift/resources
2026-03-28T14:08:07 INFO boot run_id=plan-20260328-140807 project=/home/tjpresley/Projects/voidrift/cli
2026-03-28T14:08:07 INFO loaded 144 resource sections from /home/tjpresley/Projects/voidrift/resources
2026-03-28T14:08:07 INFO boot run_id=plan-20260328-140807 project=/home/tjpresley/Projects/voidrift/cli
2026-03-28T14:08:07 INFO loaded 144 resource sections from /home/tjpresley/Projects/voidrift/resources
2026-03-28T14:08:07 INFO boot run_id=plan-20260328-140807 project=/home/tjpresley/Projects/voidrift/cli
2026-03-28T14:08:07 INFO loaded 144 resource sections from /home/tjpresley/Projects/voidrift/resources
2026-03-28T14:08:07 INFO boot run_id=plan-20260328-140807 project=/home/tjpresley/Projects/voidrift/cli
2026-03-28T14:08:07 INFO loaded 144 resource sections from /home/tjpresley/Projects/voidrift/resources
2026-03-28T14:08:07 INFO boot run_id=develop-20260328-140807 project=/home/tjpresley/Projects/voidrift/cli
2026-03-28T14:08:08 INFO loaded 144 resource sections from /home/tjpresley/Projects/voidrift/resources
2026-03-28T14:08:15 INFO boot run_id=develop-20260328-140815 project=/home/tjpresley/Projects/voidrift/cli
2026-03-28T14:08:15 INFO loaded 144 resource sections from /home/tjpresley/Projects/voidrift/resources
2026-03-28T14:08:15 INFO boot run_id=develop-20260328-140815 project=/home/tjpresley/Projects/voidrift/cli
2026-03-28T14:08:15 INFO loaded 144 resource sections from /home/tjpresley/Projects/voidrift/resources
2026-03-28T14:08:15 INFO boot run_id=develop-20260328-140815 project=/home/tjpresley/Projects/voidrift/cli
2026-03-28T14:08:15 INFO loaded 144 resource sections from /home/tjpresley/Projects/voidrift/resources
2026-03-28T14:08:15 INFO boot run_id=automate-20260328-140815 project=/home/tjpresley/Projects/voidrift/cli
2026-03-28T14:08:15 INFO loaded 144 resource sections from /home/tjpresley/Projects/voidrift/resources
2026-03-28T14:08:15 INFO boot run_id=automate-20260328-140815 project=/home/tjpresley/Projects/voidrift/cli
2026-03-28T14:08:15 INFO loaded 144 resource sections from /home/tjpresley/Projects/voidrift/resources
2026-03-28T14:08:15 INFO boot run_id=automate-20260328-140815 project=/home/tjpresley/Projects/voidrift/cli
2026-03-28T14:08:15 INFO loaded 144 resource sections from /home/tjpresley/Projects/voidrift/resources
2026-03-28T14:08:15 INFO boot run_id=verify-20260328-140815 project=/home/tjpresley/Projects/voidrift/cli
2026-03-28T14:08:15 INFO loaded 144 resource sections from /home/tjpresley/Projects/voidrift/resources
2026-03-28T14:08:15 INFO boot run_id=verify-20260328-140815 project=/home/tjpresley/Projects/voidrift/cli
2026-03-28T14:08:15 INFO loaded 144 resource sections from /home/tjpresley/Projects/voidrift/resources
2026-03-28T14:08:15 INFO boot run_id=verify-20260328-140815 project=/home/tjpresley/Projects/voidrift/cli
2026-03-28T14:08:15 INFO loaded 144 resource sections from /home/tjpresley/Projects/voidrift/resources
2026-03-28T14:08:15 INFO boot run_id=verify-20260328-140815 project=/home/tjpresley/Projects/voidrift/cli
2026-03-28T14:08:15 INFO loaded 144 resource sections from /home/tjpresley/Projects/voidrift/resources
2026-03-28T14:08:16 INFO boot run_id=unscoped project=/home/tjpresley/Projects/voidrift/cli
2026-03-28T14:08:16 INFO loaded 144 resource sections from /home/tjpresley/Projects/voidrift/resources
2026-03-28T14:08:16 INFO boot run_id=unscoped project=/home/tjpresley/Projects/voidrift/cli
2026-03-28T14:08:16 INFO loaded 144 resource sections from /home/tjpresley/Projects/voidrift/resources
2026-03-28T14:08:16 INFO boot run_id=unscoped project=/home/tjpresley/Projects/voidrift/cli
2026-03-28T14:08:17 INFO loaded 144 resource sections from /home/tjpresley/Projects/voidrift/resources
2026-03-28T14:08:17 INFO boot run_id=plan-20260328-140817 project=/home/tjpresley/Projects/voidrift/cli
2026-03-28T14:08:17 INFO loaded 144 resource sections from /home/tjpresley/Projects/voidrift/resources
2026-03-28T14:08:17 INFO boot run_id=plan-20260328-140817 project=/home/tjpresley/Projects/voidrift/cli
2026-03-28T14:08:17 INFO loaded 144 resource sections from /home/tjpresley/Projects/voidrift/resources
2026-03-28T14:08:17 INFO boot run_id=plan-20260328-140817 project=/home/tjpresley/Projects/voidrift/cli
2026-03-28T14:08:17 INFO loaded 144 resource sections from /home/tjpresley/Projects/voidrift/resources
2026-03-28T14:08:17 INFO boot run_id=plan-20260328-140817 project=/home/tjpresley/Projects/voidrift/cli
2026-03-28T14:08:17 INFO loaded 144 resource sections from /home/tjpresley/Projects/voidrift/resources
2026-03-28T14:08:17 INFO boot run_id=develop-20260328-140817 project=/home/tjpresley/Projects/voidrift/cli
2026-03-28T14:08:17 INFO loaded 144 resource sections from /home/tjpresley/Projects/voidrift/resources
2026-03-28T14:08:24 INFO boot run_id=develop-20260328-140824 project=/home/tjpresley/Projects/voidrift/cli
2026-03-28T14:08:24 INFO loaded 144 resource sections from /home/tjpresley/Projects/voidrift/resources
2026-03-28T14:08:24 INFO boot run_id=develop-20260328-140824 project=/home/tjpresley/Projects/voidrift/cli
2026-03-28T14:08:24 INFO loaded 144 resource sections from /home/tjpresley/Projects/voidrift/resources
2026-03-28T14:08:24 INFO boot run_id=develop-20260328-140824 project=/home/tjpresley/Projects/voidrift/cli
2026-03-28T14:08:24 INFO loaded 144 resource sections from /home/tjpresley/Projects/voidrift/resources
2026-03-28T14:08:24 INFO boot run_id=automate-20260328-140824 project=/home/tjpresley/Projects/voidrift/cli
2026-03-28T14:08:24 INFO loaded 144 resource sections from /home/tjpresley/Projects/voidrift/resources
2026-03-28T14:08:24 INFO boot run_id=automate-20260328-140824 project=/home/tjpresley/Projects/voidrift/cli
2026-03-28T14:08:24 INFO loaded 144 resource sections from /home/tjpresley/Projects/voidrift/resources
2026-03-28T14:08:24 INFO boot run_id=automate-20260328-140824 project=/home/tjpresley/Projects/voidrift/cli
2026-03-28T14:08:24 INFO loaded 144 resource sections from /home/tjpresley/Projects/voidrift/resources
2026-03-28T14:08:24 INFO boot run_id=verify-20260328-140824 project=/home/tjpresley/Projects/voidrift/cli
2026-03-28T14:08:24 INFO loaded 144 resource sections from /home/tjpresley/Projects/voidrift/resources
2026-03-28T14:08:24 INFO boot run_id=verify-20260328-140824 project=/home/tjpresley/Projects/voidrift/cli
2026-03-28T14:08:24 INFO loaded 144 resource sections from /home/tjpresley/Projects/voidrift/resources
2026-03-28T14:08:24 INFO boot run_id=verify-20260328-140824 project=/home/tjpresley/Projects/voidrift/cli
2026-03-28T14:08:24 INFO loaded 144 resource sections from /home/tjpresley/Projects/voidrift/resources
2026-03-28T14:08:24 INFO boot run_id=verify-20260328-140824 project=/home/tjpresley/Projects/voidrift/cli
2026-03-28T14:08:24 INFO loaded 144 resource sections from /home/tjpresley/Projects/voidrift/resources
2026-03-28T14:16:30 INFO boot run_id=unscoped project=/home/tjpresley/Projects/voidrift/cli
2026-03-28T14:16:30 INFO loaded 144 resource sections from /home/tjpresley/Projects/voidrift/resources
2026-03-28T14:16:30 INFO boot run_id=unscoped project=/home/tjpresley/Projects/voidrift/cli
2026-03-28T14:16:30 INFO loaded 144 resource sections from /home/tjpresley/Projects/voidrift/resources
2026-03-28T14:16:30 INFO boot run_id=unscoped project=/home/tjpresley/Projects/voidrift/cli
2026-03-28T14:16:30 INFO loaded 144 resource sections from /home/tjpresley/Projects/voidrift/resources
2026-03-28T14:16:30 INFO boot run_id=plan-20260328-141630 project=/home/tjpresley/Projects/voidrift/cli
2026-03-28T14:16:30 INFO loaded 144 resource sections from /home/tjpresley/Projects/voidrift/resources
2026-03-28T14:16:30 INFO boot run_id=plan-20260328-141630 project=/home/tjpresley/Projects/voidrift/cli
2026-03-28T14:16:30 INFO loaded 144 resource sections from /home/tjpresley/Projects/voidrift/resources
2026-03-28T14:16:30 INFO boot run_id=plan-20260328-141630 project=/home/tjpresley/Projects/voidrift/cli
2026-03-28T14:16:30 INFO loaded 144 resource sections from /home/tjpresley/Projects/voidrift/resources
2026-03-28T14:16:30 INFO boot run_id=plan-20260328-141630 project=/home/tjpresley/Projects/voidrift/cli
2026-03-28T14:16:30 INFO loaded 144 resource sections from /home/tjpresley/Projects/voidrift/resources
2026-03-28T14:16:30 INFO boot run_id=develop-20260328-141630 project=/home/tjpresley/Projects/voidrift/cli
2026-03-28T14:16:30 INFO loaded 144 resource sections from /home/tjpresley/Projects/voidrift/resources
2026-03-28T14:16:37 INFO boot run_id=develop-20260328-141637 project=/home/tjpresley/Projects/voidrift/cli
2026-03-28T14:16:37 INFO loaded 144 resource sections from /home/tjpresley/Projects/voidrift/resources
2026-03-28T14:16:37 INFO boot run_id=develop-20260328-141637 project=/home/tjpresley/Projects/voidrift/cli
2026-03-28T14:16:37 INFO loaded 144 resource sections from /home/tjpresley/Projects/voidrift/resources
2026-03-28T14:16:37 INFO boot run_id=develop-20260328-141637 project=/home/tjpresley/Projects/voidrift/cli
2026-03-28T14:16:37 INFO loaded 144 resource sections from /home/tjpresley/Projects/voidrift/resources
2026-03-28T14:16:37 INFO boot run_id=automate-20260328-141637 project=/home/tjpresley/Projects/voidrift/cli
2026-03-28T14:16:37 INFO loaded 144 resource sections from /home/tjpresley/Projects/voidrift/resources
2026-03-28T14:16:37 INFO boot run_id=automate-20260328-141637 project=/home/tjpresley/Projects/voidrift/cli
2026-03-28T14:16:37 INFO loaded 144 resource sections from /home/tjpresley/Projects/voidrift/resources
2026-03-28T14:16:37 INFO boot run_id=automate-20260328-141637 project=/home/tjpresley/Projects/voidrift/cli
2026-03-28T14:16:37 INFO loaded 144 resource sections from /home/tjpresley/Projects/voidrift/resources
2026-03-28T14:16:37 INFO boot run_id=verify-20260328-141637 project=/home/tjpresley/Projects/voidrift/cli
2026-03-28T14:16:37 INFO loaded 144 resource sections from /home/tjpresley/Projects/voidrift/resources
2026-03-28T14:16:37 INFO boot run_id=verify-20260328-141637 project=/home/tjpresley/Projects/voidrift/cli
2026-03-28T14:16:37 INFO loaded 144 resource sections from /home/tjpresley/Projects/voidrift/resources
2026-03-28T14:16:37 INFO boot run_id=verify-20260328-141637 project=/home/tjpresley/Projects/voidrift/cli
2026-03-28T14:16:37 INFO loaded 144 resource sections from /home/tjpresley/Projects/voidrift/resources
2026-03-28T14:16:37 INFO boot run_id=verify-20260328-141637 project=/home/tjpresley/Projects/voidrift/cli
2026-03-28T14:16:37 INFO loaded 144 resource sections from /home/tjpresley/Projects/voidrift/resources
2026-03-28T14:17:04 INFO boot run_id=unscoped project=/home/tjpresley/Projects/voidrift/cli
2026-03-28T14:17:04 INFO loaded 144 resource sections from /home/tjpresley/Projects/voidrift/resources
2026-03-28T14:17:04 INFO boot run_id=unscoped project=/home/tjpresley/Projects/voidrift/cli
2026-03-28T14:17:04 INFO loaded 144 resource sections from /home/tjpresley/Projects/voidrift/resources
2026-03-28T14:17:04 INFO boot run_id=unscoped project=/home/tjpresley/Projects/voidrift/cli
2026-03-28T14:17:04 INFO loaded 144 resource sections from /home/tjpresley/Projects/voidrift/resources
2026-03-28T14:17:04 INFO boot run_id=plan-20260328-141704 project=/home/tjpresley/Projects/voidrift/cli
2026-03-28T14:17:04 INFO loaded 144 resource sections from /home/tjpresley/Projects/voidrift/resources
2026-03-28T14:17:04 INFO boot run_id=plan-20260328-141704 project=/home/tjpresley/Projects/voidrift/cli
2026-03-28T14:17:04 INFO loaded 144 resource sections from /home/tjpresley/Projects/voidrift/resources
2026-03-28T14:17:04 INFO boot run_id=plan-20260328-141704 project=/home/tjpresley/Projects/voidrift/cli
2026-03-28T14:17:04 INFO loaded 144 resource sections from /home/tjpresley/Projects/voidrift/resources
2026-03-28T14:17:04 INFO boot run_id=plan-20260328-141704 project=/home/tjpresley/Projects/voidrift/cli
2026-03-28T14:17:04 INFO loaded 144 resource sections from /home/tjpresley/Projects/voidrift/resources
2026-03-28T14:17:04 INFO boot run_id=develop-20260328-141704 project=/home/tjpresley/Projects/voidrift/cli
2026-03-28T14:17:04 INFO loaded 144 resource sections from /home/tjpresley/Projects/voidrift/resources
2026-03-28T14:17:11 INFO boot run_id=develop-20260328-141711 project=/home/tjpresley/Projects/voidrift/cli
2026-03-28T14:17:11 INFO loaded 144 resource sections from /home/tjpresley/Projects/voidrift/resources
2026-03-28T14:17:11 INFO boot run_id=develop-20260328-141711 project=/home/tjpresley/Projects/voidrift/cli
2026-03-28T14:17:11 INFO loaded 144 resource sections from /home/tjpresley/Projects/voidrift/resources
2026-03-28T14:17:11 INFO boot run_id=develop-20260328-141711 project=/home/tjpresley/Projects/voidrift/cli
2026-03-28T14:17:11 INFO loaded 144 resource sections from /home/tjpresley/Projects/voidrift/resources
2026-03-28T14:17:11 INFO boot run_id=automate-20260328-141711 project=/home/tjpresley/Projects/voidrift/cli
2026-03-28T14:17:11 INFO loaded 144 resource sections from /home/tjpresley/Projects/voidrift/resources
2026-03-28T14:17:11 INFO boot run_id=automate-20260328-141711 project=/home/tjpresley/Projects/voidrift/cli
2026-03-28T14:17:11 INFO loaded 144 resource sections from /home/tjpresley/Projects/voidrift/resources
2026-03-28T14:17:11 INFO boot run_id=automate-20260328-141711 project=/home/tjpresley/Projects/voidrift/cli
2026-03-28T14:17:11 INFO loaded 144 resource sections from /home/tjpresley/Projects/voidrift/resources
2026-03-28T14:17:11 INFO boot run_id=verify-20260328-141711 project=/home/tjpresley/Projects/voidrift/cli
2026-03-28T14:17:12 INFO loaded 144 resource sections from /home/tjpresley/Projects/voidrift/resources
2026-03-28T14:17:12 INFO boot run_id=verify-20260328-141712 project=/home/tjpresley/Projects/voidrift/cli
2026-03-28T14:17:12 INFO loaded 144 resource sections from /home/tjpresley/Projects/voidrift/resources
2026-03-28T14:17:12 INFO boot run_id=verify-20260328-141712 project=/home/tjpresley/Projects/voidrift/cli
2026-03-28T14:17:12 INFO loaded 144 resource sections from /home/tjpresley/Projects/voidrift/resources
2026-03-28T14:17:12 INFO boot run_id=verify-20260328-141712 project=/home/tjpresley/Projects/voidrift/cli
2026-03-28T14:17:12 INFO loaded 144 resource sections from /home/tjpresley/Projects/voidrift/resources
2026-03-28T14:39:39 INFO boot run_id=unscoped project=/home/tjpresley/Projects/voidrift/cli
2026-03-28T14:39:39 INFO loaded 144 resource sections from /home/tjpresley/Projects/voidrift/resources
2026-03-28T14:39:39 INFO boot run_id=unscoped project=/home/tjpresley/Projects/voidrift/cli
2026-03-28T14:39:39 INFO loaded 144 resource sections from /home/tjpresley/Projects/voidrift/resources
2026-03-28T14:39:39 INFO boot run_id=unscoped project=/home/tjpresley/Projects/voidrift/cli
2026-03-28T14:39:39 INFO loaded 144 resource sections from /home/tjpresley/Projects/voidrift/resources
2026-03-28T14:39:39 INFO boot run_id=unscoped project=/home/tjpresley/Projects/voidrift/cli
2026-03-28T14:39:39 INFO loaded 144 resource sections from /home/tjpresley/Projects/voidrift/resources
2026-03-28T14:39:39 INFO boot run_id=unscoped project=/home/tjpresley/Projects/voidrift/cli
2026-03-28T14:39:39 INFO loaded 144 resource sections from /home/tjpresley/Projects/voidrift/resources
2026-03-28T14:39:39 INFO boot run_id=unscoped project=/home/tjpresley/Projects/voidrift/cli
2026-03-28T14:39:39 INFO loaded 144 resource sections from /home/tjpresley/Projects/voidrift/resources
2026-03-28T14:39:39 INFO boot run_id=unscoped project=/home/tjpresley/Projects/voidrift/cli
2026-03-28T14:39:39 INFO loaded 144 resource sections from /home/tjpresley/Projects/voidrift/resources
2026-03-28T14:39:46 INFO boot run_id=plan-20260328-143945 project=/tmp/pytest-of-tjpresley/pytest-28/test_produces_artifacts0/project
2026-03-28T14:39:46 INFO loaded 144 resource sections from /home/tjpresley/Projects/voidrift/resources
2026-03-28T14:39:46 INFO boot run_id=plan-20260328-143946 project=/tmp/pytest-of-tjpresley/pytest-28/test_produces_artifacts0/project
2026-03-28T14:39:46 INFO loaded 144 resource sections from /home/tjpresley/Projects/voidrift/resources
2026-03-28T14:39:46 INFO boot run_id=plan-20260328-143946 project=/tmp/pytest-of-tjpresley/pytest-28/test_produces_artifacts0/project
2026-03-28T14:39:46 INFO loaded 144 resource sections from /home/tjpresley/Projects/voidrift/resources
2026-03-28T14:39:46 INFO boot run_id=plan-20260328-143946 project=/tmp/pytest-of-tjpresley/pytest-28/test_produces_artifacts0/project
2026-03-28T14:39:46 INFO loaded 144 resource sections from /home/tjpresley/Projects/voidrift/resources
2026-03-28T14:39:46 INFO boot run_id=develop-20260328-143946 project=/tmp/pytest-of-tjpresley/pytest-28/test_produces_artifacts0/project
2026-03-28T14:39:46 INFO loaded 144 resource sections from /home/tjpresley/Projects/voidrift/resources
2026-03-28T14:39:53 INFO boot run_id=develop-20260328-143953 project=/tmp/pytest-of-tjpresley/pytest-28/test_produces_artifacts0/project
2026-03-28T14:39:53 INFO loaded 144 resource sections from /home/tjpresley/Projects/voidrift/resources
2026-03-28T14:39:53 INFO boot run_id=develop-20260328-143953 project=/tmp/pytest-of-tjpresley/pytest-28/test_produces_artifacts0/project
2026-03-28T14:39:53 INFO loaded 144 resource sections from /home/tjpresley/Projects/voidrift/resources
2026-03-28T14:39:53 INFO boot run_id=develop-20260328-143953 project=/tmp/pytest-of-tjpresley/pytest-28/test_produces_artifacts0/project
2026-03-28T14:39:53 INFO loaded 144 resource sections from /home/tjpresley/Projects/voidrift/resources
2026-03-28T14:39:53 INFO boot run_id=automate-20260328-143953 project=/tmp/pytest-of-tjpresley/pytest-28/test_produces_artifacts0/project
2026-03-28T14:39:53 INFO loaded 144 resource sections from /home/tjpresley/Projects/voidrift/resources
2026-03-28T14:39:53 INFO boot run_id=automate-20260328-143953 project=/tmp/pytest-of-tjpresley/pytest-28/test_produces_artifacts0/project
2026-03-28T14:39:53 INFO loaded 144 resource sections from /home/tjpresley/Projects/voidrift/resources
2026-03-28T14:39:53 INFO boot run_id=automate-20260328-143953 project=/tmp/pytest-of-tjpresley/pytest-28/test_produces_artifacts0/project
2026-03-28T14:39:53 INFO loaded 144 resource sections from /home/tjpresley/Projects/voidrift/resources
2026-03-28T14:39:53 INFO boot run_id=verify-20260328-143953 project=/tmp/pytest-of-tjpresley/pytest-28/test_produces_artifacts0/project
2026-03-28T14:39:53 INFO loaded 144 resource sections from /home/tjpresley/Projects/voidrift/resources
2026-03-28T14:39:53 INFO boot run_id=verify-20260328-143953 project=/tmp/pytest-of-tjpresley/pytest-28/test_produces_artifacts0/project
2026-03-28T14:39:53 INFO loaded 144 resource sections from /home/tjpresley/Projects/voidrift/resources
2026-03-28T14:39:53 INFO boot run_id=verify-20260328-143953 project=/tmp/pytest-of-tjpresley/pytest-28/test_produces_artifacts0/project
2026-03-28T14:39:53 INFO loaded 144 resource sections from /home/tjpresley/Projects/voidrift/resources
2026-03-28T14:39:53 INFO boot run_id=verify-20260328-143953 project=/tmp/pytest-of-tjpresley/pytest-28/test_produces_artifacts0/project
2026-03-28T14:39:54 INFO loaded 144 resource sections from /home/tjpresley/Projects/voidrift/resources
2026-03-28T14:39:54 INFO boot run_id=plan-20260328-143953 project=/tmp/pytest-of-tjpresley/pytest-30/test_produces_artifacts0/project
2026-03-28T14:39:54 INFO loaded 144 resource sections from /home/tjpresley/Projects/voidrift/resources
2026-03-28T14:39:54 INFO boot run_id=plan-20260328-143954 project=/tmp/pytest-of-tjpresley/pytest-30/test_produces_artifacts0/project
2026-03-28T14:39:54 INFO loaded 144 resource sections from /home/tjpresley/Projects/voidrift/resources
2026-03-28T14:39:54 INFO boot run_id=plan-20260328-143954 project=/tmp/pytest-of-tjpresley/pytest-30/test_produces_artifacts0/project
2026-03-28T14:39:54 INFO loaded 144 resource sections from /home/tjpresley/Projects/voidrift/resources
2026-03-28T14:39:54 INFO boot run_id=plan-20260328-143954 project=/tmp/pytest-of-tjpresley/pytest-30/test_produces_artifacts0/project
2026-03-28T14:39:54 INFO loaded 144 resource sections from /home/tjpresley/Projects/voidrift/resources
2026-03-28T14:39:54 INFO boot run_id=develop-20260328-143954 project=/tmp/pytest-of-tjpresley/pytest-30/test_produces_artifacts0/project
2026-03-28T14:39:54 INFO loaded 144 resource sections from /home/tjpresley/Projects/voidrift/resources
2026-03-28T14:40:01 INFO boot run_id=develop-20260328-144001 project=/tmp/pytest-of-tjpresley/pytest-30/test_produces_artifacts0/project
2026-03-28T14:40:01 INFO loaded 144 resource sections from /home/tjpresley/Projects/voidrift/resources
2026-03-28T14:40:01 INFO boot run_id=develop-20260328-144001 project=/tmp/pytest-of-tjpresley/pytest-30/test_produces_artifacts0/project
2026-03-28T14:40:01 INFO loaded 144 resource sections from /home/tjpresley/Projects/voidrift/resources
2026-03-28T14:40:01 INFO boot run_id=develop-20260328-144001 project=/tmp/pytest-of-tjpresley/pytest-30/test_produces_artifacts0/project
2026-03-28T14:40:01 INFO loaded 144 resource sections from /home/tjpresley/Projects/voidrift/resources
2026-03-28T14:40:01 INFO boot run_id=automate-20260328-144001 project=/tmp/pytest-of-tjpresley/pytest-30/test_produces_artifacts0/project
2026-03-28T14:40:01 INFO loaded 144 resource sections from /home/tjpresley/Projects/voidrift/resources
2026-03-28T14:40:01 INFO boot run_id=automate-20260328-144001 project=/tmp/pytest-of-tjpresley/pytest-30/test_produces_artifacts0/project
2026-03-28T14:40:01 INFO loaded 144 resource sections from /home/tjpresley/Projects/voidrift/resources
2026-03-28T14:40:01 INFO boot run_id=automate-20260328-144001 project=/tmp/pytest-of-tjpresley/pytest-30/test_produces_artifacts0/project
2026-03-28T14:40:01 INFO loaded 144 resource sections from /home/tjpresley/Projects/voidrift/resources
2026-03-28T14:40:01 INFO boot run_id=verify-20260328-144001 project=/tmp/pytest-of-tjpresley/pytest-30/test_produces_artifacts0/project
2026-03-28T14:40:01 INFO loaded 144 resource sections from /home/tjpresley/Projects/voidrift/resources
2026-03-28T14:40:01 INFO boot run_id=verify-20260328-144001 project=/tmp/pytest-of-tjpresley/pytest-30/test_produces_artifacts0/project
2026-03-28T14:40:01 INFO loaded 144 resource sections from /home/tjpresley/Projects/voidrift/resources
2026-03-28T14:40:01 INFO boot run_id=verify-20260328-144001 project=/tmp/pytest-of-tjpresley/pytest-30/test_produces_artifacts0/project
2026-03-28T14:40:02 INFO loaded 144 resource sections from /home/tjpresley/Projects/voidrift/resources
2026-03-28T14:40:02 INFO boot run_id=verify-20260328-144002 project=/tmp/pytest-of-tjpresley/pytest-30/test_produces_artifacts0/project
2026-03-28T14:40:02 INFO loaded 144 resource sections from /home/tjpresley/Projects/voidrift/resources
2026-03-28T14:40:02 INFO boot run_id=plan-20260328-144001 project=/tmp/pytest-of-tjpresley/pytest-31/test_produces_artifacts0/project
2026-03-28T14:40:02 INFO loaded 144 resource sections from /home/tjpresley/Projects/voidrift/resources
2026-03-28T14:40:02 INFO boot run_id=plan-20260328-144002 project=/tmp/pytest-of-tjpresley/pytest-31/test_produces_artifacts0/project
2026-03-28T14:40:02 INFO loaded 144 resource sections from /home/tjpresley/Projects/voidrift/resources
2026-03-28T14:40:02 INFO boot run_id=plan-20260328-144002 project=/tmp/pytest-of-tjpresley/pytest-31/test_produces_artifacts0/project
2026-03-28T14:40:02 INFO loaded 144 resource sections from /home/tjpresley/Projects/voidrift/resources
2026-03-28T14:40:02 INFO boot run_id=plan-20260328-144002 project=/tmp/pytest-of-tjpresley/pytest-31/test_produces_artifacts0/project
2026-03-28T14:40:02 INFO loaded 144 resource sections from /home/tjpresley/Projects/voidrift/resources
2026-03-28T14:40:02 INFO boot run_id=develop-20260328-144002 project=/tmp/pytest-of-tjpresley/pytest-31/test_produces_artifacts0/project
2026-03-28T14:40:02 INFO loaded 144 resource sections from /home/tjpresley/Projects/voidrift/resources
2026-03-28T14:40:09 INFO boot run_id=develop-20260328-144009 project=/tmp/pytest-of-tjpresley/pytest-31/test_produces_artifacts0/project
2026-03-28T14:40:09 INFO loaded 144 resource sections from /home/tjpresley/Projects/voidrift/resources
2026-03-28T14:40:09 INFO boot run_id=develop-20260328-144009 project=/tmp/pytest-of-tjpresley/pytest-31/test_produces_artifacts0/project
2026-03-28T14:40:10 INFO loaded 144 resource sections from /home/tjpresley/Projects/voidrift/resources
2026-03-28T14:40:10 INFO boot run_id=develop-20260328-144010 project=/tmp/pytest-of-tjpresley/pytest-31/test_produces_artifacts0/project
2026-03-28T14:40:10 INFO loaded 144 resource sections from /home/tjpresley/Projects/voidrift/resources
2026-03-28T14:40:10 INFO boot run_id=automate-20260328-144010 project=/tmp/pytest-of-tjpresley/pytest-31/test_produces_artifacts0/project
2026-03-28T14:40:10 INFO loaded 144 resource sections from /home/tjpresley/Projects/voidrift/resources
2026-03-28T14:40:10 INFO boot run_id=automate-20260328-144010 project=/tmp/pytest-of-tjpresley/pytest-31/test_produces_artifacts0/project
2026-03-28T14:40:10 INFO loaded 144 resource sections from /home/tjpresley/Projects/voidrift/resources
2026-03-28T14:40:10 INFO boot run_id=automate-20260328-144010 project=/tmp/pytest-of-tjpresley/pytest-31/test_produces_artifacts0/project
2026-03-28T14:40:10 INFO loaded 144 resource sections from /home/tjpresley/Projects/voidrift/resources
2026-03-28T14:40:10 INFO boot run_id=verify-20260328-144010 project=/tmp/pytest-of-tjpresley/pytest-31/test_produces_artifacts0/project
2026-03-28T14:40:10 INFO loaded 144 resource sections from /home/tjpresley/Projects/voidrift/resources
2026-03-28T14:40:10 INFO boot run_id=verify-20260328-144010 project=/tmp/pytest-of-tjpresley/pytest-31/test_produces_artifacts0/project
2026-03-28T14:40:10 INFO loaded 144 resource sections from /home/tjpresley/Projects/voidrift/resources
2026-03-28T14:40:10 INFO boot run_id=verify-20260328-144010 project=/tmp/pytest-of-tjpresley/pytest-31/test_produces_artifacts0/project
2026-03-28T14:40:10 INFO loaded 144 resource sections from /home/tjpresley/Projects/voidrift/resources
2026-03-28T14:40:10 INFO boot run_id=verify-20260328-144010 project=/tmp/pytest-of-tjpresley/pytest-31/test_produces_artifacts0/project
2026-03-28T14:40:10 INFO loaded 144 resource sections from /home/tjpresley/Projects/voidrift/resources
2026-03-28T14:40:14 INFO boot run_id=plan-20260328-144013 project=/tmp/pytest-of-tjpresley/pytest-32/test_update_requires_architect0/project
2026-03-28T14:40:14 INFO loaded 144 resource sections from /home/tjpresley/Projects/voidrift/resources
2026-03-28T14:40:14 INFO boot run_id=plan-20260328-144014 project=/tmp/pytest-of-tjpresley/pytest-32/test_update_requires_architect0/project
2026-03-28T14:40:14 INFO loaded 144 resource sections from /home/tjpresley/Projects/voidrift/resources
2026-03-28T14:40:14 INFO boot run_id=plan-20260328-144014 project=/tmp/pytest-of-tjpresley/pytest-32/test_update_requires_architect0/project
2026-03-28T14:40:14 INFO loaded 144 resource sections from /home/tjpresley/Projects/voidrift/resources
2026-03-28T14:40:19 INFO boot run_id=develop-20260328-144018 project=/tmp/pytest-of-tjpresley/pytest-33/test_no_writes_triggers_retry0/project
2026-03-28T14:40:19 INFO loaded 144 resource sections from /home/tjpresley/Projects/voidrift/resources
2026-03-28T14:40:19 INFO boot run_id=develop-20260328-144019 project=/tmp/pytest-of-tjpresley/pytest-33/test_no_writes_triggers_retry0/project
2026-03-28T14:40:19 INFO loaded 144 resource sections from /home/tjpresley/Projects/voidrift/resources
2026-03-28T14:40:19 INFO boot run_id=develop-20260328-144019 project=/tmp/pytest-of-tjpresley/pytest-33/test_no_writes_triggers_retry0/project
2026-03-28T14:40:19 INFO loaded 144 resource sections from /home/tjpresley/Projects/voidrift/resources
2026-03-28T14:41:00 INFO boot run_id=unscoped project=/home/tjpresley/Projects/voidrift/cli
2026-03-28T14:41:00 INFO loaded 144 resource sections from /home/tjpresley/Projects/voidrift/resources
2026-03-28T14:41:00 INFO boot run_id=unscoped project=/home/tjpresley/Projects/voidrift/cli
2026-03-28T14:41:00 INFO loaded 144 resource sections from /home/tjpresley/Projects/voidrift/resources
2026-03-28T14:41:00 INFO boot run_id=unscoped project=/home/tjpresley/Projects/voidrift/cli
2026-03-28T14:41:00 INFO loaded 144 resource sections from /home/tjpresley/Projects/voidrift/resources
2026-03-28T14:41:00 INFO boot run_id=unscoped project=/home/tjpresley/Projects/voidrift/cli
2026-03-28T14:41:00 INFO loaded 144 resource sections from /home/tjpresley/Projects/voidrift/resources
2026-03-28T14:41:00 INFO boot run_id=unscoped project=/home/tjpresley/Projects/voidrift/cli
2026-03-28T14:41:00 INFO loaded 144 resource sections from /home/tjpresley/Projects/voidrift/resources
2026-03-28T14:41:00 INFO boot run_id=unscoped project=/home/tjpresley/Projects/voidrift/cli
2026-03-28T14:41:00 INFO loaded 144 resource sections from /home/tjpresley/Projects/voidrift/resources
2026-03-28T14:41:00 INFO boot run_id=unscoped project=/home/tjpresley/Projects/voidrift/cli
2026-03-28T14:41:00 INFO loaded 144 resource sections from /home/tjpresley/Projects/voidrift/resources
2026-03-28T14:41:00 INFO boot run_id=plan-20260328-144100 project=/home/tjpresley/Projects/voidrift/cli
2026-03-28T14:41:00 INFO loaded 144 resource sections from /home/tjpresley/Projects/voidrift/resources
2026-03-28T14:41:00 INFO boot run_id=plan-20260328-144100 project=/home/tjpresley/Projects/voidrift/cli
2026-03-28T14:41:00 INFO loaded 144 resource sections from /home/tjpresley/Projects/voidrift/resources
2026-03-28T14:41:01 INFO boot run_id=plan-20260328-144101 project=/home/tjpresley/Projects/voidrift/cli
2026-03-28T14:41:01 INFO loaded 144 resource sections from /home/tjpresley/Projects/voidrift/resources
2026-03-28T14:41:01 INFO boot run_id=plan-20260328-144101 project=/home/tjpresley/Projects/voidrift/cli
2026-03-28T14:41:01 INFO loaded 144 resource sections from /home/tjpresley/Projects/voidrift/resources
2026-03-28T14:41:01 INFO boot run_id=develop-20260328-144101 project=/home/tjpresley/Projects/voidrift/cli
2026-03-28T14:41:01 INFO loaded 144 resource sections from /home/tjpresley/Projects/voidrift/resources
2026-03-28T14:41:08 INFO boot run_id=develop-20260328-144108 project=/home/tjpresley/Projects/voidrift/cli
2026-03-28T14:41:08 INFO loaded 144 resource sections from /home/tjpresley/Projects/voidrift/resources
2026-03-28T14:41:08 INFO boot run_id=develop-20260328-144108 project=/home/tjpresley/Projects/voidrift/cli
2026-03-28T14:41:08 INFO loaded 144 resource sections from /home/tjpresley/Projects/voidrift/resources
2026-03-28T14:41:08 INFO boot run_id=develop-20260328-144108 project=/home/tjpresley/Projects/voidrift/cli
2026-03-28T14:41:08 INFO loaded 144 resource sections from /home/tjpresley/Projects/voidrift/resources
2026-03-28T14:41:08 INFO boot run_id=automate-20260328-144108 project=/home/tjpresley/Projects/voidrift/cli
2026-03-28T14:41:08 INFO loaded 144 resource sections from /home/tjpresley/Projects/voidrift/resources
2026-03-28T14:41:08 INFO boot run_id=automate-20260328-144108 project=/home/tjpresley/Projects/voidrift/cli
2026-03-28T14:41:08 INFO loaded 144 resource sections from /home/tjpresley/Projects/voidrift/resources
2026-03-28T14:41:08 INFO boot run_id=automate-20260328-144108 project=/home/tjpresley/Projects/voidrift/cli
2026-03-28T14:41:08 INFO loaded 144 resource sections from /home/tjpresley/Projects/voidrift/resources
2026-03-28T14:41:08 INFO boot run_id=verify-20260328-144108 project=/home/tjpresley/Projects/voidrift/cli
2026-03-28T14:41:08 INFO loaded 144 resource sections from /home/tjpresley/Projects/voidrift/resources
2026-03-28T14:41:08 INFO boot run_id=verify-20260328-144108 project=/home/tjpresley/Projects/voidrift/cli
2026-03-28T14:41:08 INFO loaded 144 resource sections from /home/tjpresley/Projects/voidrift/resources
2026-03-28T14:41:08 INFO boot run_id=verify-20260328-144108 project=/home/tjpresley/Projects/voidrift/cli
2026-03-28T14:41:08 INFO loaded 144 resource sections from /home/tjpresley/Projects/voidrift/resources
2026-03-28T14:41:08 INFO boot run_id=verify-20260328-144108 project=/home/tjpresley/Projects/voidrift/cli
2026-03-28T14:41:08 INFO loaded 144 resource sections from /home/tjpresley/Projects/voidrift/resources
2026-03-28T14:41:08 INFO boot run_id=plan-20260328-144108 project=/home/tjpresley/Projects/voidrift/cli
2026-03-28T14:41:08 INFO loaded 144 resource sections from /home/tjpresley/Projects/voidrift/resources
2026-03-28T14:41:08 INFO boot run_id=plan-20260328-144108 project=/home/tjpresley/Projects/voidrift/cli
2026-03-28T14:41:08 INFO loaded 144 resource sections from /home/tjpresley/Projects/voidrift/resources
2026-03-28T14:41:08 INFO boot run_id=plan-20260328-144108 project=/home/tjpresley/Projects/voidrift/cli
2026-03-28T14:41:08 INFO loaded 144 resource sections from /home/tjpresley/Projects/voidrift/resources
2026-03-28T14:41:08 INFO boot run_id=develop-20260328-144108 project=/home/tjpresley/Projects/voidrift/cli
2026-03-28T14:41:08 INFO loaded 144 resource sections from /home/tjpresley/Projects/voidrift/resources
2026-03-28T14:41:08 INFO boot run_id=develop-20260328-144108 project=/home/tjpresley/Projects/voidrift/cli
2026-03-28T14:41:08 INFO loaded 144 resource sections from /home/tjpresley/Projects/voidrift/resources
2026-03-28T14:41:08 INFO boot run_id=develop-20260328-144108 project=/home/tjpresley/Projects/voidrift/cli
2026-03-28T14:41:08 INFO loaded 144 resource sections from /home/tjpresley/Projects/voidrift/resources
2026-03-28T14:52:33 INFO boot run_id=unscoped project=/tmp/pytest-of-tjpresley/pytest-38/test_chat_phase_tools_include_0/project
2026-03-28T14:52:33 INFO loaded 144 resource sections from /home/tjpresley/Projects/voidrift/resources
2026-03-28T14:52:33 INFO boot run_id=unscoped project=/tmp/pytest-of-tjpresley/pytest-38/test_chat_phase_tools_include_0/project
2026-03-28T14:52:33 INFO loaded 144 resource sections from /home/tjpresley/Projects/voidrift/resources
2026-03-28T14:52:33 INFO boot run_id=unscoped project=/tmp/pytest-of-tjpresley/pytest-38/test_chat_phase_tools_include_0/project
2026-03-28T14:52:33 INFO loaded 144 resource sections from /home/tjpresley/Projects/voidrift/resources
2026-03-28T14:53:04 INFO boot run_id=unscoped project=/tmp/pytest-of-tjpresley/pytest-40/test_chat_phase_tools_include_0/project
2026-03-28T14:53:04 INFO loaded 144 resource sections from /home/tjpresley/Projects/voidrift/resources
2026-03-28T14:53:04 INFO boot run_id=unscoped project=/tmp/pytest-of-tjpresley/pytest-40/test_chat_phase_tools_include_0/project
2026-03-28T14:53:04 INFO loaded 144 resource sections from /home/tjpresley/Projects/voidrift/resources
2026-03-28T14:53:04 INFO boot run_id=unscoped project=/tmp/pytest-of-tjpresley/pytest-40/test_chat_phase_tools_include_0/project
2026-03-28T14:53:04 INFO loaded 144 resource sections from /home/tjpresley/Projects/voidrift/resources
2026-03-28T14:53:04 INFO boot run_id=chat-20260328-145304 project=/tmp/pytest-of-tjpresley/pytest-40/test_chat_phase_tools_include_0/project
2026-03-28T14:53:04 INFO loaded 144 resource sections from /home/tjpresley/Projects/voidrift/resources
2026-03-28T14:53:10 INFO boot run_id=unscoped project=/home/tjpresley/Projects/voidrift/cli
2026-03-28T14:53:10 INFO loaded 144 resource sections from /home/tjpresley/Projects/voidrift/resources
2026-03-28T14:53:10 INFO boot run_id=unscoped project=/home/tjpresley/Projects/voidrift/cli
2026-03-28T14:53:10 INFO loaded 144 resource sections from /home/tjpresley/Projects/voidrift/resources
2026-03-28T14:53:10 INFO boot run_id=unscoped project=/home/tjpresley/Projects/voidrift/cli
2026-03-28T14:53:10 INFO loaded 144 resource sections from /home/tjpresley/Projects/voidrift/resources
2026-03-28T14:53:10 INFO boot run_id=unscoped project=/home/tjpresley/Projects/voidrift/cli
2026-03-28T14:53:10 INFO loaded 144 resource sections from /home/tjpresley/Projects/voidrift/resources
2026-03-28T14:53:10 INFO boot run_id=unscoped project=/home/tjpresley/Projects/voidrift/cli
2026-03-28T14:53:10 INFO loaded 144 resource sections from /home/tjpresley/Projects/voidrift/resources
2026-03-28T14:53:10 INFO boot run_id=unscoped project=/home/tjpresley/Projects/voidrift/cli
2026-03-28T14:53:10 INFO loaded 144 resource sections from /home/tjpresley/Projects/voidrift/resources
2026-03-28T14:53:10 INFO boot run_id=unscoped project=/home/tjpresley/Projects/voidrift/cli
2026-03-28T14:53:10 INFO loaded 144 resource sections from /home/tjpresley/Projects/voidrift/resources
2026-03-28T14:53:10 INFO boot run_id=plan-20260328-145310 project=/home/tjpresley/Projects/voidrift/cli
2026-03-28T14:53:10 INFO loaded 144 resource sections from /home/tjpresley/Projects/voidrift/resources
2026-03-28T14:53:10 INFO boot run_id=plan-20260328-145310 project=/home/tjpresley/Projects/voidrift/cli
2026-03-28T14:53:10 INFO loaded 144 resource sections from /home/tjpresley/Projects/voidrift/resources
2026-03-28T14:53:10 INFO boot run_id=plan-20260328-145310 project=/home/tjpresley/Projects/voidrift/cli
2026-03-28T14:53:10 INFO loaded 144 resource sections from /home/tjpresley/Projects/voidrift/resources
2026-03-28T14:53:10 INFO boot run_id=plan-20260328-145310 project=/home/tjpresley/Projects/voidrift/cli
2026-03-28T14:53:11 INFO loaded 144 resource sections from /home/tjpresley/Projects/voidrift/resources
2026-03-28T14:53:11 INFO boot run_id=develop-20260328-145311 project=/home/tjpresley/Projects/voidrift/cli
2026-03-28T14:53:11 INFO loaded 144 resource sections from /home/tjpresley/Projects/voidrift/resources
2026-03-28T14:53:18 INFO boot run_id=develop-20260328-145318 project=/home/tjpresley/Projects/voidrift/cli
2026-03-28T14:53:18 INFO loaded 144 resource sections from /home/tjpresley/Projects/voidrift/resources
2026-03-28T14:53:18 INFO boot run_id=develop-20260328-145318 project=/home/tjpresley/Projects/voidrift/cli
2026-03-28T14:53:18 INFO loaded 144 resource sections from /home/tjpresley/Projects/voidrift/resources
2026-03-28T14:53:18 INFO boot run_id=develop-20260328-145318 project=/home/tjpresley/Projects/voidrift/cli
2026-03-28T14:53:18 INFO loaded 144 resource sections from /home/tjpresley/Projects/voidrift/resources
2026-03-28T14:53:18 INFO boot run_id=automate-20260328-145318 project=/home/tjpresley/Projects/voidrift/cli
2026-03-28T14:53:18 INFO loaded 144 resource sections from /home/tjpresley/Projects/voidrift/resources
2026-03-28T14:53:18 INFO boot run_id=automate-20260328-145318 project=/home/tjpresley/Projects/voidrift/cli
2026-03-28T14:53:18 INFO loaded 144 resource sections from /home/tjpresley/Projects/voidrift/resources
2026-03-28T14:53:18 INFO boot run_id=automate-20260328-145318 project=/home/tjpresley/Projects/voidrift/cli
2026-03-28T14:53:18 INFO loaded 144 resource sections from /home/tjpresley/Projects/voidrift/resources
2026-03-28T14:53:18 INFO boot run_id=verify-20260328-145318 project=/home/tjpresley/Projects/voidrift/cli
2026-03-28T14:53:18 INFO loaded 144 resource sections from /home/tjpresley/Projects/voidrift/resources
2026-03-28T14:53:18 INFO boot run_id=verify-20260328-145318 project=/home/tjpresley/Projects/voidrift/cli
2026-03-28T14:53:18 INFO loaded 144 resource sections from /home/tjpresley/Projects/voidrift/resources
2026-03-28T14:53:18 INFO boot run_id=verify-20260328-145318 project=/home/tjpresley/Projects/voidrift/cli
2026-03-28T14:53:18 INFO loaded 144 resource sections from /home/tjpresley/Projects/voidrift/resources
2026-03-28T14:53:18 INFO boot run_id=verify-20260328-145318 project=/home/tjpresley/Projects/voidrift/cli
2026-03-28T14:53:18 INFO loaded 144 resource sections from /home/tjpresley/Projects/voidrift/resources
2026-03-28T14:53:18 INFO boot run_id=plan-20260328-145318 project=/home/tjpresley/Projects/voidrift/cli
2026-03-28T14:53:18 INFO loaded 144 resource sections from /home/tjpresley/Projects/voidrift/resources
2026-03-28T14:53:18 INFO boot run_id=plan-20260328-145318 project=/home/tjpresley/Projects/voidrift/cli
2026-03-28T14:53:18 INFO loaded 144 resource sections from /home/tjpresley/Projects/voidrift/resources
2026-03-28T14:53:18 INFO boot run_id=plan-20260328-145318 project=/home/tjpresley/Projects/voidrift/cli
2026-03-28T14:53:18 INFO loaded 144 resource sections from /home/tjpresley/Projects/voidrift/resources
2026-03-28T14:53:18 INFO boot run_id=develop-20260328-145318 project=/home/tjpresley/Projects/voidrift/cli
2026-03-28T14:53:18 INFO loaded 144 resource sections from /home/tjpresley/Projects/voidrift/resources
2026-03-28T14:53:18 INFO boot run_id=develop-20260328-145318 project=/home/tjpresley/Projects/voidrift/cli
2026-03-28T14:53:18 INFO loaded 144 resource sections from /home/tjpresley/Projects/voidrift/resources
2026-03-28T14:53:18 INFO boot run_id=develop-20260328-145318 project=/home/tjpresley/Projects/voidrift/cli
2026-03-28T14:53:18 INFO loaded 144 resource sections from /home/tjpresley/Projects/voidrift/resources
2026-03-28T14:53:18 INFO boot run_id=develop-20260328-145318 project=/home/tjpresley/Projects/voidrift/cli
2026-03-28T14:53:18 INFO loaded 144 resource sections from /home/tjpresley/Projects/voidrift/resources
2026-03-28T14:53:18 INFO boot run_id=develop-20260328-145318 project=/home/tjpresley/Projects/voidrift/cli
2026-03-28T14:53:18 INFO loaded 144 resource sections from /home/tjpresley/Projects/voidrift/resources
2026-03-28T14:53:18 INFO boot run_id=chat-20260328-145318 project=/home/tjpresley/Projects/voidrift/cli
2026-03-28T14:53:18 INFO loaded 144 resource sections from /home/tjpresley/Projects/voidrift/resources
2026-03-28T14:53:18 INFO boot run_id=develop-20260328-145318 project=/home/tjpresley/Projects/voidrift/cli
2026-03-28T14:53:18 INFO loaded 144 resource sections from /home/tjpresley/Projects/voidrift/resources
2026-03-28T14:53:22 INFO boot run_id=unscoped project=/home/tjpresley/Projects/voidrift/cli
2026-03-28T14:53:22 INFO loaded 144 resource sections from /home/tjpresley/Projects/voidrift/resources
2026-03-28T14:53:22 INFO boot run_id=unscoped project=/home/tjpresley/Projects/voidrift/cli
2026-03-28T14:53:22 INFO loaded 144 resource sections from /home/tjpresley/Projects/voidrift/resources
2026-03-28T14:53:22 INFO boot run_id=unscoped project=/home/tjpresley/Projects/voidrift/cli
2026-03-28T14:53:22 INFO loaded 144 resource sections from /home/tjpresley/Projects/voidrift/resources
2026-03-28T14:53:22 INFO boot run_id=unscoped project=/home/tjpresley/Projects/voidrift/cli
2026-03-28T14:53:22 INFO loaded 144 resource sections from /home/tjpresley/Projects/voidrift/resources
2026-03-28T14:53:22 INFO boot run_id=unscoped project=/home/tjpresley/Projects/voidrift/cli
2026-03-28T14:53:22 INFO loaded 144 resource sections from /home/tjpresley/Projects/voidrift/resources
2026-03-28T14:53:22 INFO boot run_id=unscoped project=/home/tjpresley/Projects/voidrift/cli
2026-03-28T14:53:22 INFO loaded 144 resource sections from /home/tjpresley/Projects/voidrift/resources
2026-03-28T14:53:22 INFO boot run_id=unscoped project=/home/tjpresley/Projects/voidrift/cli
2026-03-28T14:53:22 INFO loaded 144 resource sections from /home/tjpresley/Projects/voidrift/resources
2026-03-28T14:53:22 INFO boot run_id=plan-20260328-145322 project=/home/tjpresley/Projects/voidrift/cli
2026-03-28T14:53:22 INFO loaded 144 resource sections from /home/tjpresley/Projects/voidrift/resources
2026-03-28T14:53:22 INFO boot run_id=plan-20260328-145322 project=/home/tjpresley/Projects/voidrift/cli
2026-03-28T14:53:23 INFO loaded 144 resource sections from /home/tjpresley/Projects/voidrift/resources
2026-03-28T14:53:23 INFO boot run_id=plan-20260328-145323 project=/home/tjpresley/Projects/voidrift/cli
2026-03-28T14:53:23 INFO loaded 144 resource sections from /home/tjpresley/Projects/voidrift/resources
2026-03-28T14:53:23 INFO boot run_id=plan-20260328-145323 project=/home/tjpresley/Projects/voidrift/cli
2026-03-28T14:53:23 INFO loaded 144 resource sections from /home/tjpresley/Projects/voidrift/resources
2026-03-28T14:53:23 INFO boot run_id=develop-20260328-145323 project=/home/tjpresley/Projects/voidrift/cli
2026-03-28T14:53:23 INFO loaded 144 resource sections from /home/tjpresley/Projects/voidrift/resources
2026-03-28T14:53:27 INFO boot run_id=plan-20260328-145327 project=/tmp/pytest-of-tjpresley/pytest-43/test_produces_artifacts0/project
2026-03-28T14:53:27 INFO loaded 144 resource sections from /home/tjpresley/Projects/voidrift/resources
2026-03-28T14:53:27 INFO boot run_id=plan-20260328-145327 project=/tmp/pytest-of-tjpresley/pytest-43/test_produces_artifacts0/project
2026-03-28T14:53:27 INFO loaded 144 resource sections from /home/tjpresley/Projects/voidrift/resources
2026-03-28T14:53:27 INFO boot run_id=plan-20260328-145327 project=/tmp/pytest-of-tjpresley/pytest-43/test_produces_artifacts0/project
2026-03-28T14:53:27 INFO loaded 144 resource sections from /home/tjpresley/Projects/voidrift/resources
2026-03-28T14:53:27 INFO boot run_id=plan-20260328-145327 project=/tmp/pytest-of-tjpresley/pytest-43/test_produces_artifacts0/project
2026-03-28T14:53:27 INFO loaded 144 resource sections from /home/tjpresley/Projects/voidrift/resources
2026-03-28T14:53:27 INFO boot run_id=develop-20260328-145327 project=/tmp/pytest-of-tjpresley/pytest-43/test_produces_artifacts0/project
2026-03-28T14:53:27 INFO loaded 144 resource sections from /home/tjpresley/Projects/voidrift/resources
2026-03-28T14:53:30 INFO boot run_id=develop-20260328-145330 project=/home/tjpresley/Projects/voidrift/cli
2026-03-28T14:53:30 INFO loaded 144 resource sections from /home/tjpresley/Projects/voidrift/resources
2026-03-28T14:53:30 INFO boot run_id=develop-20260328-145330 project=/home/tjpresley/Projects/voidrift/cli
2026-03-28T14:53:30 INFO loaded 144 resource sections from /home/tjpresley/Projects/voidrift/resources
2026-03-28T14:53:30 INFO boot run_id=develop-20260328-145330 project=/home/tjpresley/Projects/voidrift/cli
2026-03-28T14:53:30 INFO loaded 144 resource sections from /home/tjpresley/Projects/voidrift/resources
2026-03-28T14:53:30 INFO boot run_id=automate-20260328-145330 project=/home/tjpresley/Projects/voidrift/cli
2026-03-28T14:53:30 INFO loaded 144 resource sections from /home/tjpresley/Projects/voidrift/resources
2026-03-28T14:53:30 INFO boot run_id=automate-20260328-145330 project=/home/tjpresley/Projects/voidrift/cli
2026-03-28T14:53:30 INFO loaded 144 resource sections from /home/tjpresley/Projects/voidrift/resources
2026-03-28T14:53:30 INFO boot run_id=automate-20260328-145330 project=/home/tjpresley/Projects/voidrift/cli
2026-03-28T14:53:30 INFO loaded 144 resource sections from /home/tjpresley/Projects/voidrift/resources
2026-03-28T14:53:30 INFO boot run_id=verify-20260328-145330 project=/home/tjpresley/Projects/voidrift/cli
2026-03-28T14:53:30 INFO loaded 144 resource sections from /home/tjpresley/Projects/voidrift/resources
2026-03-28T14:53:30 INFO boot run_id=verify-20260328-145330 project=/home/tjpresley/Projects/voidrift/cli
2026-03-28T14:53:30 INFO loaded 144 resource sections from /home/tjpresley/Projects/voidrift/resources
2026-03-28T14:53:30 INFO boot run_id=verify-20260328-145330 project=/home/tjpresley/Projects/voidrift/cli
2026-03-28T14:53:30 INFO loaded 144 resource sections from /home/tjpresley/Projects/voidrift/resources
2026-03-28T14:53:30 INFO boot run_id=verify-20260328-145330 project=/home/tjpresley/Projects/voidrift/cli
2026-03-28T14:53:30 INFO loaded 144 resource sections from /home/tjpresley/Projects/voidrift/resources
2026-03-28T14:53:30 INFO boot run_id=plan-20260328-145330 project=/home/tjpresley/Projects/voidrift/cli
2026-03-28T14:53:30 INFO loaded 144 resource sections from /home/tjpresley/Projects/voidrift/resources
2026-03-28T14:53:30 INFO boot run_id=plan-20260328-145330 project=/home/tjpresley/Projects/voidrift/cli
2026-03-28T14:53:30 INFO loaded 144 resource sections from /home/tjpresley/Projects/voidrift/resources
2026-03-28T14:53:30 INFO boot run_id=plan-20260328-145330 project=/home/tjpresley/Projects/voidrift/cli
2026-03-28T14:53:30 INFO loaded 144 resource sections from /home/tjpresley/Projects/voidrift/resources
2026-03-28T14:53:30 INFO boot run_id=develop-20260328-145330 project=/home/tjpresley/Projects/voidrift/cli
2026-03-28T14:53:30 INFO loaded 144 resource sections from /home/tjpresley/Projects/voidrift/resources
2026-03-28T14:53:30 INFO boot run_id=develop-20260328-145330 project=/home/tjpresley/Projects/voidrift/cli
2026-03-28T14:53:30 INFO loaded 144 resource sections from /home/tjpresley/Projects/voidrift/resources
2026-03-28T14:53:30 INFO boot run_id=develop-20260328-145330 project=/home/tjpresley/Projects/voidrift/cli
2026-03-28T14:53:30 INFO loaded 144 resource sections from /home/tjpresley/Projects/voidrift/resources
2026-03-28T14:53:30 INFO boot run_id=develop-20260328-145330 project=/home/tjpresley/Projects/voidrift/cli
2026-03-28T14:53:30 INFO loaded 144 resource sections from /home/tjpresley/Projects/voidrift/resources
2026-03-28T14:53:30 INFO boot run_id=develop-20260328-145330 project=/home/tjpresley/Projects/voidrift/cli
2026-03-28T14:53:31 INFO loaded 144 resource sections from /home/tjpresley/Projects/voidrift/resources
2026-03-28T14:53:31 INFO boot run_id=chat-20260328-145331 project=/home/tjpresley/Projects/voidrift/cli
2026-03-28T14:53:31 INFO loaded 144 resource sections from /home/tjpresley/Projects/voidrift/resources
2026-03-28T14:53:31 INFO boot run_id=develop-20260328-145331 project=/home/tjpresley/Projects/voidrift/cli
2026-03-28T14:53:31 INFO loaded 144 resource sections from /home/tjpresley/Projects/voidrift/resources
2026-03-28T14:53:33 INFO boot run_id=plan-20260328-145333 project=/tmp/pytest-of-tjpresley/pytest-44/test_produces_artifacts0/project
2026-03-28T14:53:33 INFO loaded 144 resource sections from /home/tjpresley/Projects/voidrift/resources
2026-03-28T14:53:33 INFO boot run_id=plan-20260328-145333 project=/tmp/pytest-of-tjpresley/pytest-44/test_produces_artifacts0/project
2026-03-28T14:53:33 INFO loaded 144 resource sections from /home/tjpresley/Projects/voidrift/resources
2026-03-28T14:53:33 INFO boot run_id=plan-20260328-145333 project=/tmp/pytest-of-tjpresley/pytest-44/test_produces_artifacts0/project
2026-03-28T14:53:33 INFO loaded 144 resource sections from /home/tjpresley/Projects/voidrift/resources
2026-03-28T14:53:33 INFO boot run_id=plan-20260328-145333 project=/tmp/pytest-of-tjpresley/pytest-44/test_produces_artifacts0/project
2026-03-28T14:53:33 INFO loaded 144 resource sections from /home/tjpresley/Projects/voidrift/resources
2026-03-28T14:53:33 INFO boot run_id=develop-20260328-145333 project=/tmp/pytest-of-tjpresley/pytest-44/test_produces_artifacts0/project
2026-03-28T14:53:33 INFO loaded 144 resource sections from /home/tjpresley/Projects/voidrift/resources
2026-03-28T14:53:34 INFO boot run_id=develop-20260328-145334 project=/tmp/pytest-of-tjpresley/pytest-43/test_produces_artifacts0/project
2026-03-28T14:53:34 INFO loaded 144 resource sections from /home/tjpresley/Projects/voidrift/resources
2026-03-28T14:53:34 INFO boot run_id=develop-20260328-145334 project=/tmp/pytest-of-tjpresley/pytest-43/test_produces_artifacts0/project
2026-03-28T14:53:35 INFO loaded 144 resource sections from /home/tjpresley/Projects/voidrift/resources
2026-03-28T14:53:35 INFO boot run_id=develop-20260328-145335 project=/tmp/pytest-of-tjpresley/pytest-43/test_produces_artifacts0/project
2026-03-28T14:53:35 INFO loaded 144 resource sections from /home/tjpresley/Projects/voidrift/resources
2026-03-28T14:53:35 INFO boot run_id=automate-20260328-145335 project=/tmp/pytest-of-tjpresley/pytest-43/test_produces_artifacts0/project
2026-03-28T14:53:35 INFO loaded 144 resource sections from /home/tjpresley/Projects/voidrift/resources
2026-03-28T14:53:35 INFO boot run_id=automate-20260328-145335 project=/tmp/pytest-of-tjpresley/pytest-43/test_produces_artifacts0/project
2026-03-28T14:53:35 INFO loaded 144 resource sections from /home/tjpresley/Projects/voidrift/resources
2026-03-28T14:53:35 INFO boot run_id=automate-20260328-145335 project=/tmp/pytest-of-tjpresley/pytest-43/test_produces_artifacts0/project
2026-03-28T14:53:35 INFO loaded 144 resource sections from /home/tjpresley/Projects/voidrift/resources
2026-03-28T14:53:35 INFO boot run_id=verify-20260328-145335 project=/tmp/pytest-of-tjpresley/pytest-43/test_produces_artifacts0/project
2026-03-28T14:53:35 INFO loaded 144 resource sections from /home/tjpresley/Projects/voidrift/resources
2026-03-28T14:53:35 INFO boot run_id=verify-20260328-145335 project=/tmp/pytest-of-tjpresley/pytest-43/test_produces_artifacts0/project
2026-03-28T14:53:35 INFO loaded 144 resource sections from /home/tjpresley/Projects/voidrift/resources
2026-03-28T14:53:35 INFO boot run_id=verify-20260328-145335 project=/tmp/pytest-of-tjpresley/pytest-43/test_produces_artifacts0/project
2026-03-28T14:53:35 INFO loaded 144 resource sections from /home/tjpresley/Projects/voidrift/resources
2026-03-28T14:53:35 INFO boot run_id=verify-20260328-145335 project=/tmp/pytest-of-tjpresley/pytest-43/test_produces_artifacts0/project
2026-03-28T14:53:35 INFO loaded 144 resource sections from /home/tjpresley/Projects/voidrift/resources
2026-03-28T14:53:35 INFO boot run_id=plan-20260328-145335 project=/tmp/pytest-of-tjpresley/pytest-43/test_produces_artifacts0/project
2026-03-28T14:53:35 INFO loaded 144 resource sections from /home/tjpresley/Projects/voidrift/resources
2026-03-28T14:53:35 INFO boot run_id=plan-20260328-145335 project=/tmp/pytest-of-tjpresley/pytest-43/test_produces_artifacts0/project
2026-03-28T14:53:35 INFO loaded 144 resource sections from /home/tjpresley/Projects/voidrift/resources
2026-03-28T14:53:35 INFO boot run_id=plan-20260328-145335 project=/tmp/pytest-of-tjpresley/pytest-43/test_produces_artifacts0/project
2026-03-28T14:53:35 INFO loaded 144 resource sections from /home/tjpresley/Projects/voidrift/resources
2026-03-28T14:53:35 INFO boot run_id=develop-20260328-145335 project=/tmp/pytest-of-tjpresley/pytest-43/test_produces_artifacts0/project
2026-03-28T14:53:35 INFO loaded 144 resource sections from /home/tjpresley/Projects/voidrift/resources
2026-03-28T14:53:35 INFO boot run_id=develop-20260328-145335 project=/tmp/pytest-of-tjpresley/pytest-43/test_produces_artifacts0/project
2026-03-28T14:53:35 INFO loaded 144 resource sections from /home/tjpresley/Projects/voidrift/resources
2026-03-28T14:53:35 INFO boot run_id=develop-20260328-145335 project=/tmp/pytest-of-tjpresley/pytest-43/test_produces_artifacts0/project
2026-03-28T14:53:35 INFO loaded 144 resource sections from /home/tjpresley/Projects/voidrift/resources
2026-03-28T14:53:35 INFO boot run_id=develop-20260328-145335 project=/tmp/pytest-of-tjpresley/pytest-43/test_produces_artifacts0/project
2026-03-28T14:53:35 INFO loaded 144 resource sections from /home/tjpresley/Projects/voidrift/resources
2026-03-28T14:53:35 INFO boot run_id=develop-20260328-145335 project=/tmp/pytest-of-tjpresley/pytest-43/test_produces_artifacts0/project
2026-03-28T14:53:35 INFO loaded 144 resource sections from /home/tjpresley/Projects/voidrift/resources
2026-03-28T14:53:35 INFO boot run_id=chat-20260328-145335 project=/tmp/pytest-of-tjpresley/pytest-43/test_produces_artifacts0/project
2026-03-28T14:53:35 INFO loaded 144 resource sections from /home/tjpresley/Projects/voidrift/resources
2026-03-28T14:53:35 INFO boot run_id=develop-20260328-145335 project=/tmp/pytest-of-tjpresley/pytest-43/test_produces_artifacts0/project
2026-03-28T14:53:35 INFO loaded 144 resource sections from /home/tjpresley/Projects/voidrift/resources
2026-03-28T14:53:35 INFO boot run_id=develop-20260328-145335 project=/tmp/pytest-of-tjpresley/pytest-43/test_produces_artifacts0/project
2026-03-28T14:53:35 INFO loaded 144 resource sections from /home/tjpresley/Projects/voidrift/resources
2026-03-28T14:53:35 INFO boot run_id=develop-20260328-145335 project=/tmp/pytest-of-tjpresley/pytest-43/test_produces_artifacts0/project
2026-03-28T14:53:35 INFO loaded 144 resource sections from /home/tjpresley/Projects/voidrift/resources
2026-03-28T14:53:35 INFO boot run_id=develop-20260328-145335 project=/tmp/pytest-of-tjpresley/pytest-43/test_produces_artifacts0/project
2026-03-28T14:53:35 INFO loaded 144 resource sections from /home/tjpresley/Projects/voidrift/resources
2026-03-28T14:53:35 INFO boot run_id=develop-20260328-145335 project=/tmp/pytest-of-tjpresley/pytest-43/test_produces_artifacts0/project
2026-03-28T14:53:35 INFO loaded 144 resource sections from /home/tjpresley/Projects/voidrift/resources
2026-03-28T14:53:35 INFO boot run_id=develop-20260328-145335 project=/tmp/pytest-of-tjpresley/pytest-43/test_produces_artifacts0/project
2026-03-28T14:53:35 INFO loaded 144 resource sections from /home/tjpresley/Projects/voidrift/resources
2026-03-28T14:53:35 INFO boot run_id=develop-20260328-145335 project=/tmp/pytest-of-tjpresley/pytest-43/test_produces_artifacts0/project
2026-03-28T14:53:35 INFO loaded 144 resource sections from /home/tjpresley/Projects/voidrift/resources
2026-03-28T14:53:35 INFO boot run_id=develop-20260328-145335 project=/tmp/pytest-of-tjpresley/pytest-43/test_produces_artifacts0/project
2026-03-28T14:53:35 INFO loaded 144 resource sections from /home/tjpresley/Projects/voidrift/resources
2026-03-28T14:53:40 INFO boot run_id=develop-20260328-145340 project=/tmp/pytest-of-tjpresley/pytest-44/test_produces_artifacts0/project
2026-03-28T14:53:40 INFO loaded 144 resource sections from /home/tjpresley/Projects/voidrift/resources
2026-03-28T14:53:40 INFO boot run_id=develop-20260328-145340 project=/tmp/pytest-of-tjpresley/pytest-44/test_produces_artifacts0/project
2026-03-28T14:53:40 INFO loaded 144 resource sections from /home/tjpresley/Projects/voidrift/resources
2026-03-28T14:53:40 INFO boot run_id=develop-20260328-145340 project=/tmp/pytest-of-tjpresley/pytest-44/test_produces_artifacts0/project
2026-03-28T14:53:40 INFO loaded 144 resource sections from /home/tjpresley/Projects/voidrift/resources
2026-03-28T14:53:41 INFO boot run_id=automate-20260328-145341 project=/tmp/pytest-of-tjpresley/pytest-44/test_produces_artifacts0/project
2026-03-28T14:53:41 INFO loaded 144 resource sections from /home/tjpresley/Projects/voidrift/resources
2026-03-28T14:53:41 INFO boot run_id=automate-20260328-145341 project=/tmp/pytest-of-tjpresley/pytest-44/test_produces_artifacts0/project
2026-03-28T14:53:41 INFO loaded 144 resource sections from /home/tjpresley/Projects/voidrift/resources
2026-03-28T14:53:41 INFO boot run_id=automate-20260328-145341 project=/tmp/pytest-of-tjpresley/pytest-44/test_produces_artifacts0/project
2026-03-28T14:53:41 INFO loaded 144 resource sections from /home/tjpresley/Projects/voidrift/resources
2026-03-28T14:53:41 INFO boot run_id=verify-20260328-145341 project=/tmp/pytest-of-tjpresley/pytest-44/test_produces_artifacts0/project
2026-03-28T14:53:41 INFO loaded 144 resource sections from /home/tjpresley/Projects/voidrift/resources
2026-03-28T14:53:41 INFO boot run_id=verify-20260328-145341 project=/tmp/pytest-of-tjpresley/pytest-44/test_produces_artifacts0/project
2026-03-28T14:53:41 INFO loaded 144 resource sections from /home/tjpresley/Projects/voidrift/resources
2026-03-28T14:53:41 INFO boot run_id=verify-20260328-145341 project=/tmp/pytest-of-tjpresley/pytest-44/test_produces_artifacts0/project
2026-03-28T14:53:41 INFO loaded 144 resource sections from /home/tjpresley/Projects/voidrift/resources
2026-03-28T14:53:41 INFO boot run_id=verify-20260328-145341 project=/tmp/pytest-of-tjpresley/pytest-44/test_produces_artifacts0/project
2026-03-28T14:53:41 INFO loaded 144 resource sections from /home/tjpresley/Projects/voidrift/resources
2026-03-28T14:53:41 INFO boot run_id=plan-20260328-145341 project=/tmp/pytest-of-tjpresley/pytest-44/test_produces_artifacts0/project
2026-03-28T14:53:41 INFO loaded 144 resource sections from /home/tjpresley/Projects/voidrift/resources
2026-03-28T14:53:41 INFO boot run_id=plan-20260328-145341 project=/tmp/pytest-of-tjpresley/pytest-44/test_produces_artifacts0/project
2026-03-28T14:53:41 INFO loaded 144 resource sections from /home/tjpresley/Projects/voidrift/resources
2026-03-28T14:53:41 INFO boot run_id=plan-20260328-145341 project=/tmp/pytest-of-tjpresley/pytest-44/test_produces_artifacts0/project
2026-03-28T14:53:41 INFO loaded 144 resource sections from /home/tjpresley/Projects/voidrift/resources
2026-03-28T14:53:41 INFO boot run_id=develop-20260328-145341 project=/tmp/pytest-of-tjpresley/pytest-44/test_produces_artifacts0/project
2026-03-28T14:53:41 INFO loaded 144 resource sections from /home/tjpresley/Projects/voidrift/resources
2026-03-28T14:53:41 INFO boot run_id=develop-20260328-145341 project=/tmp/pytest-of-tjpresley/pytest-44/test_produces_artifacts0/project
2026-03-28T14:53:41 INFO loaded 144 resource sections from /home/tjpresley/Projects/voidrift/resources
2026-03-28T14:53:41 INFO boot run_id=develop-20260328-145341 project=/tmp/pytest-of-tjpresley/pytest-44/test_produces_artifacts0/project
2026-03-28T14:53:41 INFO loaded 144 resource sections from /home/tjpresley/Projects/voidrift/resources
2026-03-28T14:53:41 INFO boot run_id=develop-20260328-145341 project=/tmp/pytest-of-tjpresley/pytest-44/test_produces_artifacts0/project
2026-03-28T14:53:41 INFO loaded 144 resource sections from /home/tjpresley/Projects/voidrift/resources
2026-03-28T14:53:41 INFO boot run_id=develop-20260328-145341 project=/tmp/pytest-of-tjpresley/pytest-44/test_produces_artifacts0/project
2026-03-28T14:53:41 INFO loaded 144 resource sections from /home/tjpresley/Projects/voidrift/resources
2026-03-28T14:53:41 INFO boot run_id=chat-20260328-145341 project=/tmp/pytest-of-tjpresley/pytest-44/test_produces_artifacts0/project
2026-03-28T14:53:41 INFO loaded 144 resource sections from /home/tjpresley/Projects/voidrift/resources
2026-03-28T14:53:41 INFO boot run_id=develop-20260328-145341 project=/tmp/pytest-of-tjpresley/pytest-44/test_produces_artifacts0/project
2026-03-28T14:53:41 INFO loaded 144 resource sections from /home/tjpresley/Projects/voidrift/resources
2026-03-28T14:53:41 INFO boot run_id=develop-20260328-145341 project=/tmp/pytest-of-tjpresley/pytest-44/test_produces_artifacts0/project
2026-03-28T14:53:41 INFO loaded 144 resource sections from /home/tjpresley/Projects/voidrift/resources
2026-03-28T14:53:41 INFO boot run_id=develop-20260328-145341 project=/tmp/pytest-of-tjpresley/pytest-44/test_produces_artifacts0/project
2026-03-28T14:53:41 INFO loaded 144 resource sections from /home/tjpresley/Projects/voidrift/resources
2026-03-28T14:53:41 INFO boot run_id=develop-20260328-145341 project=/tmp/pytest-of-tjpresley/pytest-44/test_produces_artifacts0/project
2026-03-28T14:53:41 INFO loaded 144 resource sections from /home/tjpresley/Projects/voidrift/resources
2026-03-28T14:53:41 INFO boot run_id=develop-20260328-145341 project=/tmp/pytest-of-tjpresley/pytest-44/test_produces_artifacts0/project
2026-03-28T14:53:41 INFO loaded 144 resource sections from /home/tjpresley/Projects/voidrift/resources
2026-03-28T14:53:41 INFO boot run_id=develop-20260328-145341 project=/tmp/pytest-of-tjpresley/pytest-44/test_produces_artifacts0/project
2026-03-28T14:53:41 INFO loaded 144 resource sections from /home/tjpresley/Projects/voidrift/resources
2026-03-28T14:53:41 INFO boot run_id=develop-20260328-145341 project=/tmp/pytest-of-tjpresley/pytest-44/test_produces_artifacts0/project
2026-03-28T14:53:41 INFO loaded 144 resource sections from /home/tjpresley/Projects/voidrift/resources
2026-03-28T14:53:41 INFO boot run_id=develop-20260328-145341 project=/tmp/pytest-of-tjpresley/pytest-44/test_produces_artifacts0/project
2026-03-28T14:53:41 INFO loaded 144 resource sections from /home/tjpresley/Projects/voidrift/resources
2026-03-28T14:54:45 INFO boot run_id=plan-20260328-145445 project=/tmp/pytest-of-tjpresley/pytest-45/test_produces_artifacts0/project
2026-03-28T14:54:45 INFO loaded 144 resource sections from /home/tjpresley/Projects/voidrift/resources
2026-03-28T14:54:45 INFO boot run_id=plan-20260328-145445 project=/tmp/pytest-of-tjpresley/pytest-45/test_produces_artifacts0/project
2026-03-28T14:54:45 INFO loaded 144 resource sections from /home/tjpresley/Projects/voidrift/resources
2026-03-28T14:54:45 INFO boot run_id=plan-20260328-145445 project=/tmp/pytest-of-tjpresley/pytest-45/test_produces_artifacts0/project
2026-03-28T14:54:45 INFO loaded 144 resource sections from /home/tjpresley/Projects/voidrift/resources
2026-03-28T14:54:45 INFO boot run_id=plan-20260328-145445 project=/tmp/pytest-of-tjpresley/pytest-45/test_produces_artifacts0/project
2026-03-28T14:54:45 INFO loaded 144 resource sections from /home/tjpresley/Projects/voidrift/resources
2026-03-28T14:54:45 INFO boot run_id=develop-20260328-145445 project=/tmp/pytest-of-tjpresley/pytest-45/test_produces_artifacts0/project
2026-03-28T14:54:45 INFO loaded 144 resource sections from /home/tjpresley/Projects/voidrift/resources
2026-03-28T14:54:50 INFO boot run_id=unscoped project=/tmp/pytest-of-tjpresley/pytest-46/test_chat_phase_tools_include_0/project
2026-03-28T14:54:50 INFO loaded 144 resource sections from /home/tjpresley/Projects/voidrift/resources
2026-03-28T14:54:50 INFO boot run_id=unscoped project=/tmp/pytest-of-tjpresley/pytest-46/test_chat_phase_tools_include_0/project
2026-03-28T14:54:50 INFO loaded 144 resource sections from /home/tjpresley/Projects/voidrift/resources
2026-03-28T14:54:50 INFO boot run_id=unscoped project=/tmp/pytest-of-tjpresley/pytest-46/test_chat_phase_tools_include_0/project
2026-03-28T14:54:50 INFO loaded 144 resource sections from /home/tjpresley/Projects/voidrift/resources
2026-03-28T14:54:50 INFO boot run_id=chat-20260328-145450 project=/tmp/pytest-of-tjpresley/pytest-46/test_chat_phase_tools_include_0/project
2026-03-28T14:54:50 INFO loaded 144 resource sections from /home/tjpresley/Projects/voidrift/resources
2026-03-28T14:54:52 INFO boot run_id=develop-20260328-145452 project=/tmp/pytest-of-tjpresley/pytest-45/test_produces_artifacts0/project
2026-03-28T14:54:52 INFO loaded 144 resource sections from /home/tjpresley/Projects/voidrift/resources
2026-03-28T14:54:52 INFO boot run_id=develop-20260328-145452 project=/tmp/pytest-of-tjpresley/pytest-45/test_produces_artifacts0/project
2026-03-28T14:54:52 INFO loaded 144 resource sections from /home/tjpresley/Projects/voidrift/resources
2026-03-28T14:54:52 INFO boot run_id=develop-20260328-145452 project=/tmp/pytest-of-tjpresley/pytest-45/test_produces_artifacts0/project
2026-03-28T14:54:52 INFO loaded 144 resource sections from /home/tjpresley/Projects/voidrift/resources
2026-03-28T14:54:52 INFO boot run_id=automate-20260328-145452 project=/tmp/pytest-of-tjpresley/pytest-45/test_produces_artifacts0/project
2026-03-28T14:54:52 INFO loaded 144 resource sections from /home/tjpresley/Projects/voidrift/resources
2026-03-28T14:54:52 INFO boot run_id=automate-20260328-145452 project=/tmp/pytest-of-tjpresley/pytest-45/test_produces_artifacts0/project
2026-03-28T14:54:52 INFO loaded 144 resource sections from /home/tjpresley/Projects/voidrift/resources
2026-03-28T14:54:52 INFO boot run_id=automate-20260328-145452 project=/tmp/pytest-of-tjpresley/pytest-45/test_produces_artifacts0/project
2026-03-28T14:54:52 INFO loaded 144 resource sections from /home/tjpresley/Projects/voidrift/resources
2026-03-28T14:54:52 INFO boot run_id=verify-20260328-145452 project=/tmp/pytest-of-tjpresley/pytest-45/test_produces_artifacts0/project
2026-03-28T14:54:52 INFO loaded 144 resource sections from /home/tjpresley/Projects/voidrift/resources
2026-03-28T14:54:52 INFO boot run_id=verify-20260328-145452 project=/tmp/pytest-of-tjpresley/pytest-45/test_produces_artifacts0/project
2026-03-28T14:54:52 INFO loaded 144 resource sections from /home/tjpresley/Projects/voidrift/resources
2026-03-28T14:54:52 INFO boot run_id=verify-20260328-145452 project=/tmp/pytest-of-tjpresley/pytest-45/test_produces_artifacts0/project
2026-03-28T14:54:52 INFO loaded 144 resource sections from /home/tjpresley/Projects/voidrift/resources
2026-03-28T14:54:52 INFO boot run_id=verify-20260328-145452 project=/tmp/pytest-of-tjpresley/pytest-45/test_produces_artifacts0/project
2026-03-28T14:54:52 INFO loaded 144 resource sections from /home/tjpresley/Projects/voidrift/resources
2026-03-28T14:54:53 INFO boot run_id=plan-20260328-145453 project=/tmp/pytest-of-tjpresley/pytest-45/test_produces_artifacts0/project
2026-03-28T14:54:53 INFO loaded 144 resource sections from /home/tjpresley/Projects/voidrift/resources
2026-03-28T14:54:53 INFO boot run_id=plan-20260328-145453 project=/tmp/pytest-of-tjpresley/pytest-45/test_produces_artifacts0/project
2026-03-28T14:54:53 INFO loaded 144 resource sections from /home/tjpresley/Projects/voidrift/resources
2026-03-28T14:54:53 INFO boot run_id=plan-20260328-145453 project=/tmp/pytest-of-tjpresley/pytest-45/test_produces_artifacts0/project
2026-03-28T14:54:53 INFO loaded 144 resource sections from /home/tjpresley/Projects/voidrift/resources
2026-03-28T14:54:53 INFO boot run_id=develop-20260328-145453 project=/tmp/pytest-of-tjpresley/pytest-45/test_produces_artifacts0/project
2026-03-28T14:54:53 INFO loaded 144 resource sections from /home/tjpresley/Projects/voidrift/resources
2026-03-28T14:54:53 INFO boot run_id=develop-20260328-145453 project=/tmp/pytest-of-tjpresley/pytest-45/test_produces_artifacts0/project
2026-03-28T14:54:53 INFO loaded 144 resource sections from /home/tjpresley/Projects/voidrift/resources
2026-03-28T14:54:53 INFO boot run_id=develop-20260328-145453 project=/tmp/pytest-of-tjpresley/pytest-45/test_produces_artifacts0/project
2026-03-28T14:54:53 INFO loaded 144 resource sections from /home/tjpresley/Projects/voidrift/resources
2026-03-28T14:54:53 INFO boot run_id=develop-20260328-145453 project=/tmp/pytest-of-tjpresley/pytest-45/test_produces_artifacts0/project
2026-03-28T14:54:53 INFO loaded 144 resource sections from /home/tjpresley/Projects/voidrift/resources
2026-03-28T14:54:53 INFO boot run_id=develop-20260328-145453 project=/tmp/pytest-of-tjpresley/pytest-45/test_produces_artifacts0/project
2026-03-28T14:54:53 INFO loaded 144 resource sections from /home/tjpresley/Projects/voidrift/resources
2026-03-28T14:54:53 INFO boot run_id=chat-20260328-145453 project=/tmp/pytest-of-tjpresley/pytest-45/test_produces_artifacts0/project
2026-03-28T14:54:53 INFO loaded 144 resource sections from /home/tjpresley/Projects/voidrift/resources
2026-03-28T14:54:53 INFO boot run_id=develop-20260328-145453 project=/tmp/pytest-of-tjpresley/pytest-45/test_produces_artifacts0/project
2026-03-28T14:54:53 INFO loaded 144 resource sections from /home/tjpresley/Projects/voidrift/resources
2026-03-28T14:54:53 INFO boot run_id=develop-20260328-145453 project=/tmp/pytest-of-tjpresley/pytest-45/test_produces_artifacts0/project
2026-03-28T14:54:53 INFO loaded 144 resource sections from /home/tjpresley/Projects/voidrift/resources
2026-03-28T14:54:53 INFO boot run_id=develop-20260328-145453 project=/tmp/pytest-of-tjpresley/pytest-45/test_produces_artifacts0/project
2026-03-28T14:54:53 INFO loaded 144 resource sections from /home/tjpresley/Projects/voidrift/resources
2026-03-28T14:54:53 INFO boot run_id=develop-20260328-145453 project=/tmp/pytest-of-tjpresley/pytest-45/test_produces_artifacts0/project
2026-03-28T14:54:53 INFO loaded 144 resource sections from /home/tjpresley/Projects/voidrift/resources
2026-03-28T14:54:53 INFO boot run_id=develop-20260328-145453 project=/tmp/pytest-of-tjpresley/pytest-45/test_produces_artifacts0/project
2026-03-28T14:54:53 INFO loaded 144 resource sections from /home/tjpresley/Projects/voidrift/resources
2026-03-28T14:54:53 INFO boot run_id=develop-20260328-145453 project=/tmp/pytest-of-tjpresley/pytest-45/test_produces_artifacts0/project
2026-03-28T14:54:53 INFO loaded 144 resource sections from /home/tjpresley/Projects/voidrift/resources
2026-03-28T14:54:53 INFO boot run_id=develop-20260328-145453 project=/tmp/pytest-of-tjpresley/pytest-45/test_produces_artifacts0/project
2026-03-28T14:54:53 INFO loaded 144 resource sections from /home/tjpresley/Projects/voidrift/resources
2026-03-28T14:54:53 INFO boot run_id=develop-20260328-145453 project=/tmp/pytest-of-tjpresley/pytest-45/test_produces_artifacts0/project
2026-03-28T14:54:53 INFO loaded 144 resource sections from /home/tjpresley/Projects/voidrift/resources
2026-03-28T15:10:54 INFO boot run_id=unscoped project=/home/tjpresley/Projects/voidrift/cli
2026-03-28T15:10:54 INFO loaded 144 resource sections from /home/tjpresley/Projects/voidrift/resources
2026-03-28T15:10:54 INFO boot run_id=unscoped project=/home/tjpresley/Projects/voidrift/cli
2026-03-28T15:10:54 INFO loaded 144 resource sections from /home/tjpresley/Projects/voidrift/resources
2026-03-28T15:10:54 INFO boot run_id=unscoped project=/home/tjpresley/Projects/voidrift/cli
2026-03-28T15:10:54 INFO loaded 144 resource sections from /home/tjpresley/Projects/voidrift/resources
2026-03-28T15:10:54 INFO boot run_id=unscoped project=/home/tjpresley/Projects/voidrift/cli
2026-03-28T15:10:54 INFO loaded 144 resource sections from /home/tjpresley/Projects/voidrift/resources
2026-03-28T15:10:54 INFO boot run_id=unscoped project=/home/tjpresley/Projects/voidrift/cli
2026-03-28T15:10:54 INFO loaded 144 resource sections from /home/tjpresley/Projects/voidrift/resources
2026-03-28T15:10:54 INFO boot run_id=unscoped project=/home/tjpresley/Projects/voidrift/cli
2026-03-28T15:10:54 INFO loaded 144 resource sections from /home/tjpresley/Projects/voidrift/resources
2026-03-28T15:10:54 INFO boot run_id=unscoped project=/home/tjpresley/Projects/voidrift/cli
2026-03-28T15:10:54 INFO loaded 144 resource sections from /home/tjpresley/Projects/voidrift/resources
2026-03-28T15:10:54 INFO boot run_id=plan-20260328-151054 project=/home/tjpresley/Projects/voidrift/cli
2026-03-28T15:10:54 INFO loaded 144 resource sections from /home/tjpresley/Projects/voidrift/resources
2026-03-28T15:10:54 INFO boot run_id=plan-20260328-151054 project=/home/tjpresley/Projects/voidrift/cli
2026-03-28T15:10:54 INFO loaded 144 resource sections from /home/tjpresley/Projects/voidrift/resources
2026-03-28T15:10:55 INFO boot run_id=plan-20260328-151055 project=/home/tjpresley/Projects/voidrift/cli
2026-03-28T15:10:55 INFO loaded 144 resource sections from /home/tjpresley/Projects/voidrift/resources
2026-03-28T15:10:55 INFO boot run_id=plan-20260328-151055 project=/home/tjpresley/Projects/voidrift/cli
2026-03-28T15:10:55 INFO loaded 144 resource sections from /home/tjpresley/Projects/voidrift/resources
2026-03-28T15:10:55 INFO boot run_id=develop-20260328-151055 project=/home/tjpresley/Projects/voidrift/cli
2026-03-28T15:10:55 INFO loaded 144 resource sections from /home/tjpresley/Projects/voidrift/resources
2026-03-28T15:11:02 INFO boot run_id=develop-20260328-151102 project=/home/tjpresley/Projects/voidrift/cli
2026-03-28T15:11:02 INFO loaded 144 resource sections from /home/tjpresley/Projects/voidrift/resources
2026-03-28T15:11:02 INFO boot run_id=develop-20260328-151102 project=/home/tjpresley/Projects/voidrift/cli
2026-03-28T15:11:02 INFO loaded 144 resource sections from /home/tjpresley/Projects/voidrift/resources
2026-03-28T15:11:02 INFO boot run_id=develop-20260328-151102 project=/home/tjpresley/Projects/voidrift/cli
2026-03-28T15:11:02 INFO loaded 144 resource sections from /home/tjpresley/Projects/voidrift/resources
2026-03-28T15:11:02 INFO boot run_id=automate-20260328-151102 project=/home/tjpresley/Projects/voidrift/cli
2026-03-28T15:11:02 INFO loaded 144 resource sections from /home/tjpresley/Projects/voidrift/resources
2026-03-28T15:11:02 INFO boot run_id=automate-20260328-151102 project=/home/tjpresley/Projects/voidrift/cli
2026-03-28T15:11:02 INFO loaded 144 resource sections from /home/tjpresley/Projects/voidrift/resources
2026-03-28T15:11:02 INFO boot run_id=automate-20260328-151102 project=/home/tjpresley/Projects/voidrift/cli
2026-03-28T15:11:02 INFO loaded 144 resource sections from /home/tjpresley/Projects/voidrift/resources
2026-03-28T15:11:02 INFO boot run_id=verify-20260328-151102 project=/home/tjpresley/Projects/voidrift/cli
2026-03-28T15:11:02 INFO loaded 144 resource sections from /home/tjpresley/Projects/voidrift/resources
2026-03-28T15:11:02 INFO boot run_id=verify-20260328-151102 project=/home/tjpresley/Projects/voidrift/cli
2026-03-28T15:11:02 INFO loaded 144 resource sections from /home/tjpresley/Projects/voidrift/resources
2026-03-28T15:11:02 INFO boot run_id=verify-20260328-151102 project=/home/tjpresley/Projects/voidrift/cli
2026-03-28T15:11:02 INFO loaded 144 resource sections from /home/tjpresley/Projects/voidrift/resources
2026-03-28T15:11:02 INFO boot run_id=verify-20260328-151102 project=/home/tjpresley/Projects/voidrift/cli
2026-03-28T15:11:02 INFO loaded 144 resource sections from /home/tjpresley/Projects/voidrift/resources
2026-03-28T15:11:02 INFO boot run_id=plan-20260328-151102 project=/home/tjpresley/Projects/voidrift/cli
2026-03-28T15:11:02 INFO loaded 144 resource sections from /home/tjpresley/Projects/voidrift/resources
2026-03-28T15:11:02 INFO boot run_id=plan-20260328-151102 project=/home/tjpresley/Projects/voidrift/cli
2026-03-28T15:11:02 INFO loaded 144 resource sections from /home/tjpresley/Projects/voidrift/resources
2026-03-28T15:11:02 INFO boot run_id=plan-20260328-151102 project=/home/tjpresley/Projects/voidrift/cli
2026-03-28T15:11:02 INFO loaded 144 resource sections from /home/tjpresley/Projects/voidrift/resources
2026-03-28T15:11:02 INFO boot run_id=develop-20260328-151102 project=/home/tjpresley/Projects/voidrift/cli
2026-03-28T15:11:02 INFO loaded 144 resource sections from /home/tjpresley/Projects/voidrift/resources
2026-03-28T15:11:02 INFO boot run_id=develop-20260328-151102 project=/home/tjpresley/Projects/voidrift/cli
2026-03-28T15:11:02 INFO loaded 144 resource sections from /home/tjpresley/Projects/voidrift/resources
2026-03-28T15:11:02 INFO boot run_id=develop-20260328-151102 project=/home/tjpresley/Projects/voidrift/cli
2026-03-28T15:11:02 INFO loaded 144 resource sections from /home/tjpresley/Projects/voidrift/resources
2026-03-28T15:11:02 INFO boot run_id=develop-20260328-151102 project=/home/tjpresley/Projects/voidrift/cli
2026-03-28T15:11:02 INFO loaded 144 resource sections from /home/tjpresley/Projects/voidrift/resources
2026-03-28T15:11:02 INFO boot run_id=develop-20260328-151102 project=/home/tjpresley/Projects/voidrift/cli
2026-03-28T15:11:02 INFO loaded 144 resource sections from /home/tjpresley/Projects/voidrift/resources
2026-03-28T15:11:02 INFO boot run_id=chat-20260328-151102 project=/home/tjpresley/Projects/voidrift/cli
2026-03-28T15:11:02 INFO loaded 144 resource sections from /home/tjpresley/Projects/voidrift/resources
2026-03-28T15:11:02 INFO boot run_id=develop-20260328-151102 project=/home/tjpresley/Projects/voidrift/cli
2026-03-28T15:11:02 INFO loaded 144 resource sections from /home/tjpresley/Projects/voidrift/resources
2026-03-28T15:14:10 INFO boot run_id=unscoped project=/home/tjpresley/Projects/voidrift/cli
2026-03-28T15:14:10 INFO loaded 144 resource sections from /home/tjpresley/Projects/voidrift/resources
2026-03-28T15:14:10 INFO boot run_id=unscoped project=/home/tjpresley/Projects/voidrift/cli
2026-03-28T15:14:10 INFO loaded 144 resource sections from /home/tjpresley/Projects/voidrift/resources
2026-03-28T15:14:10 INFO boot run_id=unscoped project=/home/tjpresley/Projects/voidrift/cli
2026-03-28T15:14:10 INFO loaded 144 resource sections from /home/tjpresley/Projects/voidrift/resources
2026-03-28T15:14:10 INFO boot run_id=unscoped project=/home/tjpresley/Projects/voidrift/cli
2026-03-28T15:14:10 INFO loaded 144 resource sections from /home/tjpresley/Projects/voidrift/resources
2026-03-28T15:14:10 INFO boot run_id=unscoped project=/home/tjpresley/Projects/voidrift/cli
2026-03-28T15:14:10 INFO loaded 144 resource sections from /home/tjpresley/Projects/voidrift/resources
2026-03-28T15:14:10 INFO boot run_id=unscoped project=/home/tjpresley/Projects/voidrift/cli
2026-03-28T15:14:10 INFO loaded 144 resource sections from /home/tjpresley/Projects/voidrift/resources
2026-03-28T15:14:10 INFO boot run_id=unscoped project=/home/tjpresley/Projects/voidrift/cli
2026-03-28T15:14:10 INFO loaded 144 resource sections from /home/tjpresley/Projects/voidrift/resources
2026-03-28T15:14:10 INFO boot run_id=plan-20260328-151410 project=/home/tjpresley/Projects/voidrift/cli
2026-03-28T15:14:10 INFO loaded 144 resource sections from /home/tjpresley/Projects/voidrift/resources
2026-03-28T15:14:10 INFO boot run_id=plan-20260328-151410 project=/home/tjpresley/Projects/voidrift/cli
2026-03-28T15:14:10 INFO loaded 144 resource sections from /home/tjpresley/Projects/voidrift/resources
2026-03-28T15:14:10 INFO boot run_id=plan-20260328-151410 project=/home/tjpresley/Projects/voidrift/cli
2026-03-28T15:14:10 INFO loaded 144 resource sections from /home/tjpresley/Projects/voidrift/resources
2026-03-28T15:14:10 INFO boot run_id=plan-20260328-151410 project=/home/tjpresley/Projects/voidrift/cli
2026-03-28T15:14:10 INFO loaded 144 resource sections from /home/tjpresley/Projects/voidrift/resources
2026-03-28T15:14:11 INFO boot run_id=develop-20260328-151411 project=/home/tjpresley/Projects/voidrift/cli
2026-03-28T15:14:11 INFO loaded 144 resource sections from /home/tjpresley/Projects/voidrift/resources
2026-03-28T15:14:18 INFO boot run_id=develop-20260328-151418 project=/home/tjpresley/Projects/voidrift/cli
2026-03-28T15:14:18 INFO loaded 144 resource sections from /home/tjpresley/Projects/voidrift/resources
2026-03-28T15:14:18 INFO boot run_id=develop-20260328-151418 project=/home/tjpresley/Projects/voidrift/cli
2026-03-28T15:14:18 INFO loaded 144 resource sections from /home/tjpresley/Projects/voidrift/resources
2026-03-28T15:14:18 INFO boot run_id=develop-20260328-151418 project=/home/tjpresley/Projects/voidrift/cli
2026-03-28T15:14:18 INFO loaded 144 resource sections from /home/tjpresley/Projects/voidrift/resources
2026-03-28T15:14:18 INFO boot run_id=automate-20260328-151418 project=/home/tjpresley/Projects/voidrift/cli
2026-03-28T15:14:18 INFO loaded 144 resource sections from /home/tjpresley/Projects/voidrift/resources
2026-03-28T15:14:18 INFO boot run_id=automate-20260328-151418 project=/home/tjpresley/Projects/voidrift/cli
2026-03-28T15:14:18 INFO loaded 144 resource sections from /home/tjpresley/Projects/voidrift/resources
2026-03-28T15:14:18 INFO boot run_id=automate-20260328-151418 project=/home/tjpresley/Projects/voidrift/cli
2026-03-28T15:14:18 INFO loaded 144 resource sections from /home/tjpresley/Projects/voidrift/resources
2026-03-28T15:14:18 INFO boot run_id=verify-20260328-151418 project=/home/tjpresley/Projects/voidrift/cli
2026-03-28T15:14:18 INFO loaded 144 resource sections from /home/tjpresley/Projects/voidrift/resources
2026-03-28T15:14:18 INFO boot run_id=verify-20260328-151418 project=/home/tjpresley/Projects/voidrift/cli
2026-03-28T15:14:18 INFO loaded 144 resource sections from /home/tjpresley/Projects/voidrift/resources
2026-03-28T15:14:18 INFO boot run_id=verify-20260328-151418 project=/home/tjpresley/Projects/voidrift/cli
2026-03-28T15:14:18 INFO loaded 144 resource sections from /home/tjpresley/Projects/voidrift/resources
2026-03-28T15:14:18 INFO boot run_id=verify-20260328-151418 project=/home/tjpresley/Projects/voidrift/cli
2026-03-28T15:14:18 INFO loaded 144 resource sections from /home/tjpresley/Projects/voidrift/resources
2026-03-28T15:14:18 INFO boot run_id=plan-20260328-151418 project=/home/tjpresley/Projects/voidrift/cli
2026-03-28T15:14:18 INFO loaded 144 resource sections from /home/tjpresley/Projects/voidrift/resources
2026-03-28T15:14:18 INFO boot run_id=plan-20260328-151418 project=/home/tjpresley/Projects/voidrift/cli
2026-03-28T15:14:18 INFO loaded 144 resource sections from /home/tjpresley/Projects/voidrift/resources
2026-03-28T15:14:18 INFO boot run_id=plan-20260328-151418 project=/home/tjpresley/Projects/voidrift/cli
2026-03-28T15:14:18 INFO loaded 144 resource sections from /home/tjpresley/Projects/voidrift/resources
2026-03-28T15:14:18 INFO boot run_id=develop-20260328-151418 project=/home/tjpresley/Projects/voidrift/cli
2026-03-28T15:14:18 INFO loaded 144 resource sections from /home/tjpresley/Projects/voidrift/resources
2026-03-28T15:14:18 INFO boot run_id=develop-20260328-151418 project=/home/tjpresley/Projects/voidrift/cli
2026-03-28T15:14:18 INFO loaded 144 resource sections from /home/tjpresley/Projects/voidrift/resources
2026-03-28T15:14:18 INFO boot run_id=develop-20260328-151418 project=/home/tjpresley/Projects/voidrift/cli
2026-03-28T15:14:18 INFO loaded 144 resource sections from /home/tjpresley/Projects/voidrift/resources
2026-03-28T15:14:18 INFO boot run_id=develop-20260328-151418 project=/home/tjpresley/Projects/voidrift/cli
2026-03-28T15:14:18 INFO loaded 144 resource sections from /home/tjpresley/Projects/voidrift/resources
2026-03-28T15:14:18 INFO boot run_id=develop-20260328-151418 project=/home/tjpresley/Projects/voidrift/cli
2026-03-28T15:14:18 INFO loaded 144 resource sections from /home/tjpresley/Projects/voidrift/resources
2026-03-28T15:14:18 INFO boot run_id=chat-20260328-151418 project=/home/tjpresley/Projects/voidrift/cli
2026-03-28T15:14:18 INFO loaded 144 resource sections from /home/tjpresley/Projects/voidrift/resources
2026-03-28T15:14:18 INFO boot run_id=develop-20260328-151418 project=/home/tjpresley/Projects/voidrift/cli
2026-03-28T15:14:18 INFO loaded 144 resource sections from /home/tjpresley/Projects/voidrift/resources
2026-03-28T15:16:42 INFO boot run_id=unscoped project=/home/tjpresley/Projects/voidrift/cli
2026-03-28T15:16:42 INFO loaded 144 resource sections from /home/tjpresley/Projects/voidrift/resources
2026-03-28T15:16:42 INFO boot run_id=unscoped project=/home/tjpresley/Projects/voidrift/cli
2026-03-28T15:16:42 INFO loaded 144 resource sections from /home/tjpresley/Projects/voidrift/resources
2026-03-28T15:16:42 INFO boot run_id=unscoped project=/home/tjpresley/Projects/voidrift/cli
2026-03-28T15:16:42 INFO loaded 144 resource sections from /home/tjpresley/Projects/voidrift/resources
2026-03-28T15:16:42 INFO boot run_id=unscoped project=/home/tjpresley/Projects/voidrift/cli
2026-03-28T15:16:42 INFO loaded 144 resource sections from /home/tjpresley/Projects/voidrift/resources
2026-03-28T15:16:42 INFO boot run_id=unscoped project=/home/tjpresley/Projects/voidrift/cli
2026-03-28T15:16:42 INFO loaded 144 resource sections from /home/tjpresley/Projects/voidrift/resources
2026-03-28T15:16:42 INFO boot run_id=unscoped project=/home/tjpresley/Projects/voidrift/cli
2026-03-28T15:16:42 INFO loaded 144 resource sections from /home/tjpresley/Projects/voidrift/resources
2026-03-28T15:16:42 INFO boot run_id=unscoped project=/home/tjpresley/Projects/voidrift/cli
2026-03-28T15:16:42 INFO loaded 144 resource sections from /home/tjpresley/Projects/voidrift/resources
2026-03-28T15:16:42 INFO boot run_id=plan-20260328-151642 project=/home/tjpresley/Projects/voidrift/cli
2026-03-28T15:16:42 INFO loaded 144 resource sections from /home/tjpresley/Projects/voidrift/resources
2026-03-28T15:16:42 INFO boot run_id=plan-20260328-151642 project=/home/tjpresley/Projects/voidrift/cli
2026-03-28T15:16:42 INFO loaded 144 resource sections from /home/tjpresley/Projects/voidrift/resources
2026-03-28T15:16:42 INFO boot run_id=plan-20260328-151642 project=/home/tjpresley/Projects/voidrift/cli
2026-03-28T15:16:42 INFO loaded 144 resource sections from /home/tjpresley/Projects/voidrift/resources
2026-03-28T15:16:42 INFO boot run_id=plan-20260328-151642 project=/home/tjpresley/Projects/voidrift/cli
2026-03-28T15:16:42 INFO loaded 144 resource sections from /home/tjpresley/Projects/voidrift/resources
2026-03-28T15:16:42 INFO boot run_id=develop-20260328-151642 project=/home/tjpresley/Projects/voidrift/cli
2026-03-28T15:16:42 INFO loaded 144 resource sections from /home/tjpresley/Projects/voidrift/resources
2026-03-28T15:16:49 INFO boot run_id=develop-20260328-151649 project=/home/tjpresley/Projects/voidrift/cli
2026-03-28T15:16:49 INFO loaded 144 resource sections from /home/tjpresley/Projects/voidrift/resources
2026-03-28T15:16:50 INFO boot run_id=develop-20260328-151650 project=/home/tjpresley/Projects/voidrift/cli
2026-03-28T15:16:50 INFO loaded 144 resource sections from /home/tjpresley/Projects/voidrift/resources
2026-03-28T15:16:50 INFO boot run_id=develop-20260328-151650 project=/home/tjpresley/Projects/voidrift/cli
2026-03-28T15:16:50 INFO loaded 144 resource sections from /home/tjpresley/Projects/voidrift/resources
2026-03-28T15:16:50 INFO boot run_id=automate-20260328-151650 project=/home/tjpresley/Projects/voidrift/cli
2026-03-28T15:16:50 INFO loaded 144 resource sections from /home/tjpresley/Projects/voidrift/resources
2026-03-28T15:16:50 INFO boot run_id=automate-20260328-151650 project=/home/tjpresley/Projects/voidrift/cli
2026-03-28T15:16:50 INFO loaded 144 resource sections from /home/tjpresley/Projects/voidrift/resources
2026-03-28T15:16:50 INFO boot run_id=automate-20260328-151650 project=/home/tjpresley/Projects/voidrift/cli
2026-03-28T15:16:50 INFO loaded 144 resource sections from /home/tjpresley/Projects/voidrift/resources
2026-03-28T15:16:50 INFO boot run_id=verify-20260328-151650 project=/home/tjpresley/Projects/voidrift/cli
2026-03-28T15:16:50 INFO loaded 144 resource sections from /home/tjpresley/Projects/voidrift/resources
2026-03-28T15:16:50 INFO boot run_id=verify-20260328-151650 project=/home/tjpresley/Projects/voidrift/cli
2026-03-28T15:16:50 INFO loaded 144 resource sections from /home/tjpresley/Projects/voidrift/resources
2026-03-28T15:16:50 INFO boot run_id=verify-20260328-151650 project=/home/tjpresley/Projects/voidrift/cli
2026-03-28T15:16:50 INFO loaded 144 resource sections from /home/tjpresley/Projects/voidrift/resources
2026-03-28T15:16:50 INFO boot run_id=verify-20260328-151650 project=/home/tjpresley/Projects/voidrift/cli
2026-03-28T15:16:50 INFO loaded 144 resource sections from /home/tjpresley/Projects/voidrift/resources
2026-03-28T15:16:50 INFO boot run_id=plan-20260328-151650 project=/home/tjpresley/Projects/voidrift/cli
2026-03-28T15:16:50 INFO loaded 144 resource sections from /home/tjpresley/Projects/voidrift/resources
2026-03-28T15:16:50 INFO boot run_id=plan-20260328-151650 project=/home/tjpresley/Projects/voidrift/cli
2026-03-28T15:16:50 INFO loaded 144 resource sections from /home/tjpresley/Projects/voidrift/resources
2026-03-28T15:16:50 INFO boot run_id=plan-20260328-151650 project=/home/tjpresley/Projects/voidrift/cli
2026-03-28T15:16:50 INFO loaded 144 resource sections from /home/tjpresley/Projects/voidrift/resources
2026-03-28T15:16:50 INFO boot run_id=develop-20260328-151650 project=/home/tjpresley/Projects/voidrift/cli
2026-03-28T15:16:50 INFO loaded 144 resource sections from /home/tjpresley/Projects/voidrift/resources
2026-03-28T15:16:50 INFO boot run_id=develop-20260328-151650 project=/home/tjpresley/Projects/voidrift/cli
2026-03-28T15:16:50 INFO loaded 144 resource sections from /home/tjpresley/Projects/voidrift/resources
2026-03-28T15:16:50 INFO boot run_id=develop-20260328-151650 project=/home/tjpresley/Projects/voidrift/cli
2026-03-28T15:16:50 INFO loaded 144 resource sections from /home/tjpresley/Projects/voidrift/resources
2026-03-28T15:16:50 INFO boot run_id=develop-20260328-151650 project=/home/tjpresley/Projects/voidrift/cli
2026-03-28T15:16:50 INFO loaded 144 resource sections from /home/tjpresley/Projects/voidrift/resources
2026-03-28T15:16:50 INFO boot run_id=develop-20260328-151650 project=/home/tjpresley/Projects/voidrift/cli
2026-03-28T15:16:50 INFO loaded 144 resource sections from /home/tjpresley/Projects/voidrift/resources
2026-03-28T15:16:50 INFO boot run_id=chat-20260328-151650 project=/home/tjpresley/Projects/voidrift/cli
2026-03-28T15:16:50 INFO loaded 144 resource sections from /home/tjpresley/Projects/voidrift/resources
2026-03-28T15:16:50 INFO boot run_id=develop-20260328-151650 project=/home/tjpresley/Projects/voidrift/cli
2026-03-28T15:16:50 INFO loaded 144 resource sections from /home/tjpresley/Projects/voidrift/resources
2026-03-28T15:22:05 INFO boot run_id=unscoped project=/home/tjpresley/Projects/voidrift
2026-03-28T15:22:05 INFO loaded 144 resource sections from /home/tjpresley/Projects/voidrift/resources
2026-03-28T15:22:05 INFO boot run_id=unscoped project=/home/tjpresley/Projects/voidrift
2026-03-28T15:22:05 INFO loaded 144 resource sections from /home/tjpresley/Projects/voidrift/resources
2026-03-28T15:22:05 INFO boot run_id=unscoped project=/home/tjpresley/Projects/voidrift
2026-03-28T15:22:05 INFO loaded 144 resource sections from /home/tjpresley/Projects/voidrift/resources
2026-03-28T15:22:05 INFO boot run_id=unscoped project=/home/tjpresley/Projects/voidrift
2026-03-28T15:22:05 INFO loaded 144 resource sections from /home/tjpresley/Projects/voidrift/resources
2026-03-28T15:22:05 INFO boot run_id=unscoped project=/home/tjpresley/Projects/voidrift
2026-03-28T15:22:05 INFO loaded 144 resource sections from /home/tjpresley/Projects/voidrift/resources
2026-03-28T15:22:05 INFO boot run_id=unscoped project=/home/tjpresley/Projects/voidrift
2026-03-28T15:22:05 INFO loaded 144 resource sections from /home/tjpresley/Projects/voidrift/resources
2026-03-28T15:22:05 INFO boot run_id=unscoped project=/home/tjpresley/Projects/voidrift
2026-03-28T15:22:05 INFO loaded 144 resource sections from /home/tjpresley/Projects/voidrift/resources
2026-03-28T15:22:05 INFO boot run_id=plan-20260328-152205 project=/home/tjpresley/Projects/voidrift
2026-03-28T15:22:05 INFO loaded 144 resource sections from /home/tjpresley/Projects/voidrift/resources
2026-03-28T15:22:05 INFO boot run_id=plan-20260328-152205 project=/home/tjpresley/Projects/voidrift
2026-03-28T15:22:05 INFO loaded 144 resource sections from /home/tjpresley/Projects/voidrift/resources
2026-03-28T15:22:05 INFO boot run_id=plan-20260328-152205 project=/home/tjpresley/Projects/voidrift
2026-03-28T15:22:05 INFO loaded 144 resource sections from /home/tjpresley/Projects/voidrift/resources
2026-03-28T15:22:05 INFO boot run_id=plan-20260328-152205 project=/home/tjpresley/Projects/voidrift
2026-03-28T15:22:05 INFO loaded 144 resource sections from /home/tjpresley/Projects/voidrift/resources
2026-03-28T15:22:05 INFO boot run_id=develop-20260328-152205 project=/home/tjpresley/Projects/voidrift
2026-03-28T15:22:05 INFO loaded 144 resource sections from /home/tjpresley/Projects/voidrift/resources
2026-03-28T15:22:13 INFO boot run_id=develop-20260328-152213 project=/home/tjpresley/Projects/voidrift
2026-03-28T15:22:13 INFO loaded 144 resource sections from /home/tjpresley/Projects/voidrift/resources
2026-03-28T15:22:13 INFO boot run_id=develop-20260328-152213 project=/home/tjpresley/Projects/voidrift
2026-03-28T15:22:13 INFO loaded 144 resource sections from /home/tjpresley/Projects/voidrift/resources
2026-03-28T15:22:13 INFO boot run_id=develop-20260328-152213 project=/home/tjpresley/Projects/voidrift
2026-03-28T15:22:13 INFO loaded 144 resource sections from /home/tjpresley/Projects/voidrift/resources
2026-03-28T15:22:13 INFO boot run_id=automate-20260328-152213 project=/home/tjpresley/Projects/voidrift
2026-03-28T15:22:13 INFO loaded 144 resource sections from /home/tjpresley/Projects/voidrift/resources
2026-03-28T15:22:13 INFO boot run_id=automate-20260328-152213 project=/home/tjpresley/Projects/voidrift
2026-03-28T15:22:13 INFO loaded 144 resource sections from /home/tjpresley/Projects/voidrift/resources
2026-03-28T15:22:13 INFO boot run_id=automate-20260328-152213 project=/home/tjpresley/Projects/voidrift
2026-03-28T15:22:13 INFO loaded 144 resource sections from /home/tjpresley/Projects/voidrift/resources
2026-03-28T15:22:13 INFO boot run_id=verify-20260328-152213 project=/home/tjpresley/Projects/voidrift
2026-03-28T15:22:13 INFO loaded 144 resource sections from /home/tjpresley/Projects/voidrift/resources
2026-03-28T15:22:13 INFO boot run_id=verify-20260328-152213 project=/home/tjpresley/Projects/voidrift
2026-03-28T15:22:13 INFO loaded 144 resource sections from /home/tjpresley/Projects/voidrift/resources
2026-03-28T15:22:13 INFO boot run_id=verify-20260328-152213 project=/home/tjpresley/Projects/voidrift
2026-03-28T15:22:13 INFO loaded 144 resource sections from /home/tjpresley/Projects/voidrift/resources
2026-03-28T15:22:13 INFO boot run_id=verify-20260328-152213 project=/home/tjpresley/Projects/voidrift
2026-03-28T15:22:13 INFO loaded 144 resource sections from /home/tjpresley/Projects/voidrift/resources
2026-03-28T15:22:13 INFO boot run_id=plan-20260328-152213 project=/home/tjpresley/Projects/voidrift
2026-03-28T15:22:13 INFO loaded 144 resource sections from /home/tjpresley/Projects/voidrift/resources
2026-03-28T15:22:13 INFO boot run_id=plan-20260328-152213 project=/home/tjpresley/Projects/voidrift
2026-03-28T15:22:13 INFO loaded 144 resource sections from /home/tjpresley/Projects/voidrift/resources
2026-03-28T15:22:13 INFO boot run_id=plan-20260328-152213 project=/home/tjpresley/Projects/voidrift
2026-03-28T15:22:13 INFO loaded 144 resource sections from /home/tjpresley/Projects/voidrift/resources
2026-03-28T15:22:13 INFO boot run_id=develop-20260328-152213 project=/home/tjpresley/Projects/voidrift
2026-03-28T15:22:13 INFO loaded 144 resource sections from /home/tjpresley/Projects/voidrift/resources
2026-03-28T15:22:13 INFO boot run_id=develop-20260328-152213 project=/home/tjpresley/Projects/voidrift
2026-03-28T15:22:13 INFO loaded 144 resource sections from /home/tjpresley/Projects/voidrift/resources
2026-03-28T15:22:13 INFO boot run_id=develop-20260328-152213 project=/home/tjpresley/Projects/voidrift
2026-03-28T15:22:13 INFO loaded 144 resource sections from /home/tjpresley/Projects/voidrift/resources
2026-03-28T15:22:13 INFO boot run_id=develop-20260328-152213 project=/home/tjpresley/Projects/voidrift
2026-03-28T15:22:13 INFO loaded 144 resource sections from /home/tjpresley/Projects/voidrift/resources
2026-03-28T15:22:13 INFO boot run_id=develop-20260328-152213 project=/home/tjpresley/Projects/voidrift
2026-03-28T15:22:13 INFO loaded 144 resource sections from /home/tjpresley/Projects/voidrift/resources
2026-03-28T15:22:13 INFO boot run_id=chat-20260328-152213 project=/home/tjpresley/Projects/voidrift
2026-03-28T15:22:13 INFO loaded 144 resource sections from /home/tjpresley/Projects/voidrift/resources
2026-03-28T15:22:13 INFO boot run_id=develop-20260328-152213 project=/home/tjpresley/Projects/voidrift
2026-03-28T15:22:13 INFO loaded 144 resource sections from /home/tjpresley/Projects/voidrift/resources
2026-03-28T15:22:24 INFO boot run_id=unscoped project=/home/tjpresley/Projects/voidrift
2026-03-28T15:22:24 INFO loaded 144 resource sections from /home/tjpresley/Projects/voidrift/resources
2026-03-28T15:22:24 INFO boot run_id=unscoped project=/home/tjpresley/Projects/voidrift
2026-03-28T15:22:24 INFO loaded 144 resource sections from /home/tjpresley/Projects/voidrift/resources
2026-03-28T15:22:24 INFO boot run_id=unscoped project=/home/tjpresley/Projects/voidrift
2026-03-28T15:22:24 INFO loaded 144 resource sections from /home/tjpresley/Projects/voidrift/resources
2026-03-28T15:22:24 INFO boot run_id=unscoped project=/home/tjpresley/Projects/voidrift
2026-03-28T15:22:24 INFO loaded 144 resource sections from /home/tjpresley/Projects/voidrift/resources
2026-03-28T15:22:24 INFO boot run_id=unscoped project=/home/tjpresley/Projects/voidrift
2026-03-28T15:22:24 INFO loaded 144 resource sections from /home/tjpresley/Projects/voidrift/resources
2026-03-28T15:22:24 INFO boot run_id=unscoped project=/home/tjpresley/Projects/voidrift
2026-03-28T15:22:24 INFO loaded 144 resource sections from /home/tjpresley/Projects/voidrift/resources
2026-03-28T15:22:24 INFO boot run_id=unscoped project=/home/tjpresley/Projects/voidrift
2026-03-28T15:22:24 INFO loaded 144 resource sections from /home/tjpresley/Projects/voidrift/resources
2026-03-28T15:22:24 INFO boot run_id=plan-20260328-152224 project=/home/tjpresley/Projects/voidrift
2026-03-28T15:22:24 INFO loaded 144 resource sections from /home/tjpresley/Projects/voidrift/resources
2026-03-28T15:22:24 INFO boot run_id=plan-20260328-152224 project=/home/tjpresley/Projects/voidrift
2026-03-28T15:22:24 INFO loaded 144 resource sections from /home/tjpresley/Projects/voidrift/resources
2026-03-28T15:22:24 INFO boot run_id=plan-20260328-152224 project=/home/tjpresley/Projects/voidrift
2026-03-28T15:22:24 INFO loaded 144 resource sections from /home/tjpresley/Projects/voidrift/resources
2026-03-28T15:22:24 INFO boot run_id=plan-20260328-152224 project=/home/tjpresley/Projects/voidrift
2026-03-28T15:22:24 INFO loaded 144 resource sections from /home/tjpresley/Projects/voidrift/resources
2026-03-28T15:22:24 INFO boot run_id=develop-20260328-152224 project=/home/tjpresley/Projects/voidrift
2026-03-28T15:22:24 INFO loaded 144 resource sections from /home/tjpresley/Projects/voidrift/resources
2026-03-28T15:22:31 INFO boot run_id=develop-20260328-152231 project=/home/tjpresley/Projects/voidrift
2026-03-28T15:22:31 INFO loaded 144 resource sections from /home/tjpresley/Projects/voidrift/resources
2026-03-28T15:22:31 INFO boot run_id=develop-20260328-152231 project=/home/tjpresley/Projects/voidrift
2026-03-28T15:22:31 INFO loaded 144 resource sections from /home/tjpresley/Projects/voidrift/resources
2026-03-28T15:22:32 INFO boot run_id=develop-20260328-152232 project=/home/tjpresley/Projects/voidrift
2026-03-28T15:22:32 INFO loaded 144 resource sections from /home/tjpresley/Projects/voidrift/resources
2026-03-28T15:22:32 INFO boot run_id=automate-20260328-152232 project=/home/tjpresley/Projects/voidrift
2026-03-28T15:22:32 INFO loaded 144 resource sections from /home/tjpresley/Projects/voidrift/resources
2026-03-28T15:22:32 INFO boot run_id=automate-20260328-152232 project=/home/tjpresley/Projects/voidrift
2026-03-28T15:22:32 INFO loaded 144 resource sections from /home/tjpresley/Projects/voidrift/resources
2026-03-28T15:22:32 INFO boot run_id=automate-20260328-152232 project=/home/tjpresley/Projects/voidrift
2026-03-28T15:22:32 INFO loaded 144 resource sections from /home/tjpresley/Projects/voidrift/resources
2026-03-28T15:22:32 INFO boot run_id=verify-20260328-152232 project=/home/tjpresley/Projects/voidrift
2026-03-28T15:22:32 INFO loaded 144 resource sections from /home/tjpresley/Projects/voidrift/resources
2026-03-28T15:22:32 INFO boot run_id=verify-20260328-152232 project=/home/tjpresley/Projects/voidrift
2026-03-28T15:22:32 INFO loaded 144 resource sections from /home/tjpresley/Projects/voidrift/resources
2026-03-28T15:22:32 INFO boot run_id=verify-20260328-152232 project=/home/tjpresley/Projects/voidrift
2026-03-28T15:22:32 INFO loaded 144 resource sections from /home/tjpresley/Projects/voidrift/resources
2026-03-28T15:22:32 INFO boot run_id=verify-20260328-152232 project=/home/tjpresley/Projects/voidrift
2026-03-28T15:22:32 INFO loaded 144 resource sections from /home/tjpresley/Projects/voidrift/resources
2026-03-28T15:22:32 INFO boot run_id=plan-20260328-152232 project=/home/tjpresley/Projects/voidrift
2026-03-28T15:22:32 INFO loaded 144 resource sections from /home/tjpresley/Projects/voidrift/resources
2026-03-28T15:22:32 INFO boot run_id=plan-20260328-152232 project=/home/tjpresley/Projects/voidrift
2026-03-28T15:22:32 INFO loaded 144 resource sections from /home/tjpresley/Projects/voidrift/resources
2026-03-28T15:22:32 INFO boot run_id=plan-20260328-152232 project=/home/tjpresley/Projects/voidrift
2026-03-28T15:22:32 INFO loaded 144 resource sections from /home/tjpresley/Projects/voidrift/resources
2026-03-28T15:22:32 INFO boot run_id=develop-20260328-152232 project=/home/tjpresley/Projects/voidrift
2026-03-28T15:22:32 INFO loaded 144 resource sections from /home/tjpresley/Projects/voidrift/resources
2026-03-28T15:22:32 INFO boot run_id=develop-20260328-152232 project=/home/tjpresley/Projects/voidrift
2026-03-28T15:22:32 INFO loaded 144 resource sections from /home/tjpresley/Projects/voidrift/resources
2026-03-28T15:22:32 INFO boot run_id=develop-20260328-152232 project=/home/tjpresley/Projects/voidrift
2026-03-28T15:22:32 INFO loaded 144 resource sections from /home/tjpresley/Projects/voidrift/resources
2026-03-28T15:22:32 INFO boot run_id=develop-20260328-152232 project=/home/tjpresley/Projects/voidrift
2026-03-28T15:22:32 INFO loaded 144 resource sections from /home/tjpresley/Projects/voidrift/resources
2026-03-28T15:22:32 INFO boot run_id=develop-20260328-152232 project=/home/tjpresley/Projects/voidrift
2026-03-28T15:22:32 INFO loaded 144 resource sections from /home/tjpresley/Projects/voidrift/resources
2026-03-28T15:22:32 INFO boot run_id=chat-20260328-152232 project=/home/tjpresley/Projects/voidrift
2026-03-28T15:22:32 INFO loaded 144 resource sections from /home/tjpresley/Projects/voidrift/resources
2026-03-28T15:22:32 INFO boot run_id=develop-20260328-152232 project=/home/tjpresley/Projects/voidrift
2026-03-28T15:22:32 INFO loaded 144 resource sections from /home/tjpresley/Projects/voidrift/resources
2026-03-28T15:23:53 INFO boot run_id=unscoped project=/home/tjpresley/Projects/voidrift
2026-03-28T15:23:53 INFO loaded 144 resource sections from /home/tjpresley/Projects/voidrift/resources
2026-03-28T15:23:53 INFO boot run_id=unscoped project=/home/tjpresley/Projects/voidrift
2026-03-28T15:23:53 INFO loaded 144 resource sections from /home/tjpresley/Projects/voidrift/resources
2026-03-28T15:23:53 INFO boot run_id=unscoped project=/home/tjpresley/Projects/voidrift
2026-03-28T15:23:53 INFO loaded 144 resource sections from /home/tjpresley/Projects/voidrift/resources
2026-03-28T15:23:53 INFO boot run_id=unscoped project=/home/tjpresley/Projects/voidrift
2026-03-28T15:23:53 INFO loaded 144 resource sections from /home/tjpresley/Projects/voidrift/resources
2026-03-28T15:23:53 INFO boot run_id=unscoped project=/home/tjpresley/Projects/voidrift
2026-03-28T15:23:54 INFO loaded 144 resource sections from /home/tjpresley/Projects/voidrift/resources
2026-03-28T15:23:54 INFO boot run_id=unscoped project=/home/tjpresley/Projects/voidrift
2026-03-28T15:23:54 INFO loaded 144 resource sections from /home/tjpresley/Projects/voidrift/resources
2026-03-28T15:23:54 INFO boot run_id=unscoped project=/home/tjpresley/Projects/voidrift
2026-03-28T15:23:54 INFO loaded 144 resource sections from /home/tjpresley/Projects/voidrift/resources
2026-03-28T15:23:54 INFO boot run_id=plan-20260328-152354 project=/home/tjpresley/Projects/voidrift
2026-03-28T15:23:54 INFO loaded 144 resource sections from /home/tjpresley/Projects/voidrift/resources
2026-03-28T15:23:54 INFO boot run_id=plan-20260328-152354 project=/home/tjpresley/Projects/voidrift
2026-03-28T15:23:54 INFO loaded 144 resource sections from /home/tjpresley/Projects/voidrift/resources
2026-03-28T15:23:54 INFO boot run_id=plan-20260328-152354 project=/home/tjpresley/Projects/voidrift
2026-03-28T15:23:54 INFO loaded 144 resource sections from /home/tjpresley/Projects/voidrift/resources
2026-03-28T15:23:54 INFO boot run_id=plan-20260328-152354 project=/home/tjpresley/Projects/voidrift
2026-03-28T15:23:54 INFO loaded 144 resource sections from /home/tjpresley/Projects/voidrift/resources
2026-03-28T15:23:54 INFO boot run_id=develop-20260328-152354 project=/home/tjpresley/Projects/voidrift
2026-03-28T15:23:54 INFO loaded 144 resource sections from /home/tjpresley/Projects/voidrift/resources
2026-03-28T15:24:01 INFO boot run_id=develop-20260328-152401 project=/home/tjpresley/Projects/voidrift
2026-03-28T15:24:01 INFO loaded 144 resource sections from /home/tjpresley/Projects/voidrift/resources
2026-03-28T15:24:01 INFO boot run_id=develop-20260328-152401 project=/home/tjpresley/Projects/voidrift
2026-03-28T15:24:01 INFO loaded 144 resource sections from /home/tjpresley/Projects/voidrift/resources
2026-03-28T15:24:01 INFO boot run_id=develop-20260328-152401 project=/home/tjpresley/Projects/voidrift
2026-03-28T15:24:01 INFO loaded 144 resource sections from /home/tjpresley/Projects/voidrift/resources
2026-03-28T15:24:01 INFO boot run_id=automate-20260328-152401 project=/home/tjpresley/Projects/voidrift
2026-03-28T15:24:01 INFO loaded 144 resource sections from /home/tjpresley/Projects/voidrift/resources
2026-03-28T15:24:01 INFO boot run_id=automate-20260328-152401 project=/home/tjpresley/Projects/voidrift
2026-03-28T15:24:01 INFO loaded 144 resource sections from /home/tjpresley/Projects/voidrift/resources
2026-03-28T15:24:01 INFO boot run_id=automate-20260328-152401 project=/home/tjpresley/Projects/voidrift
2026-03-28T15:24:01 INFO loaded 144 resource sections from /home/tjpresley/Projects/voidrift/resources
2026-03-28T15:24:01 INFO boot run_id=verify-20260328-152401 project=/home/tjpresley/Projects/voidrift
2026-03-28T15:24:01 INFO loaded 144 resource sections from /home/tjpresley/Projects/voidrift/resources
2026-03-28T15:24:01 INFO boot run_id=verify-20260328-152401 project=/home/tjpresley/Projects/voidrift
2026-03-28T15:24:01 INFO loaded 144 resource sections from /home/tjpresley/Projects/voidrift/resources
2026-03-28T15:24:01 INFO boot run_id=verify-20260328-152401 project=/home/tjpresley/Projects/voidrift
2026-03-28T15:24:01 INFO loaded 144 resource sections from /home/tjpresley/Projects/voidrift/resources
2026-03-28T15:24:01 INFO boot run_id=verify-20260328-152401 project=/home/tjpresley/Projects/voidrift
2026-03-28T15:24:01 INFO loaded 144 resource sections from /home/tjpresley/Projects/voidrift/resources
2026-03-28T15:24:01 INFO boot run_id=plan-20260328-152401 project=/home/tjpresley/Projects/voidrift
2026-03-28T15:24:01 INFO loaded 144 resource sections from /home/tjpresley/Projects/voidrift/resources
2026-03-28T15:24:01 INFO boot run_id=plan-20260328-152401 project=/home/tjpresley/Projects/voidrift
2026-03-28T15:24:01 INFO loaded 144 resource sections from /home/tjpresley/Projects/voidrift/resources
2026-03-28T15:24:01 INFO boot run_id=plan-20260328-152401 project=/home/tjpresley/Projects/voidrift
2026-03-28T15:24:01 INFO loaded 144 resource sections from /home/tjpresley/Projects/voidrift/resources
2026-03-28T15:24:01 INFO boot run_id=develop-20260328-152401 project=/home/tjpresley/Projects/voidrift
2026-03-28T15:24:01 INFO loaded 144 resource sections from /home/tjpresley/Projects/voidrift/resources
2026-03-28T15:24:01 INFO boot run_id=develop-20260328-152401 project=/home/tjpresley/Projects/voidrift
2026-03-28T15:24:01 INFO loaded 144 resource sections from /home/tjpresley/Projects/voidrift/resources
2026-03-28T15:24:01 INFO boot run_id=develop-20260328-152401 project=/home/tjpresley/Projects/voidrift
2026-03-28T15:24:01 INFO loaded 144 resource sections from /home/tjpresley/Projects/voidrift/resources
2026-03-28T15:24:01 INFO boot run_id=develop-20260328-152401 project=/home/tjpresley/Projects/voidrift
2026-03-28T15:24:01 INFO loaded 144 resource sections from /home/tjpresley/Projects/voidrift/resources
2026-03-28T15:24:01 INFO boot run_id=develop-20260328-152401 project=/home/tjpresley/Projects/voidrift
2026-03-28T15:24:01 INFO loaded 144 resource sections from /home/tjpresley/Projects/voidrift/resources
2026-03-28T15:24:01 INFO boot run_id=chat-20260328-152401 project=/home/tjpresley/Projects/voidrift
2026-03-28T15:24:01 INFO loaded 144 resource sections from /home/tjpresley/Projects/voidrift/resources
2026-03-28T15:24:01 INFO boot run_id=develop-20260328-152401 project=/home/tjpresley/Projects/voidrift
2026-03-28T15:24:01 INFO loaded 144 resource sections from /home/tjpresley/Projects/voidrift/resources
2026-03-28T20:04:25 INFO boot run_id=unscoped project=/home/tjpresley/Projects/voidrift
2026-03-28T20:04:25 INFO loaded 144 resource sections from /home/tjpresley/Projects/voidrift/resources
2026-03-28T20:04:25 INFO boot run_id=unscoped project=/home/tjpresley/Projects/voidrift
2026-03-28T20:04:25 INFO loaded 144 resource sections from /home/tjpresley/Projects/voidrift/resources
2026-03-28T20:04:25 INFO boot run_id=unscoped project=/home/tjpresley/Projects/voidrift
2026-03-28T20:04:25 INFO loaded 144 resource sections from /home/tjpresley/Projects/voidrift/resources
2026-03-28T20:04:25 INFO boot run_id=unscoped project=/home/tjpresley/Projects/voidrift
2026-03-28T20:04:25 INFO loaded 144 resource sections from /home/tjpresley/Projects/voidrift/resources
2026-03-28T20:04:25 INFO boot run_id=unscoped project=/home/tjpresley/Projects/voidrift
2026-03-28T20:04:25 INFO loaded 144 resource sections from /home/tjpresley/Projects/voidrift/resources
2026-03-28T20:04:25 INFO boot run_id=unscoped project=/home/tjpresley/Projects/voidrift
2026-03-28T20:04:25 INFO loaded 144 resource sections from /home/tjpresley/Projects/voidrift/resources
2026-03-28T20:04:25 INFO boot run_id=unscoped project=/home/tjpresley/Projects/voidrift
2026-03-28T20:04:25 INFO loaded 144 resource sections from /home/tjpresley/Projects/voidrift/resources
2026-03-28T20:04:25 INFO boot run_id=plan-20260328-200425 project=/home/tjpresley/Projects/voidrift
2026-03-28T20:04:25 INFO loaded 144 resource sections from /home/tjpresley/Projects/voidrift/resources
2026-03-28T20:04:25 INFO boot run_id=plan-20260328-200425 project=/home/tjpresley/Projects/voidrift
2026-03-28T20:04:25 INFO loaded 144 resource sections from /home/tjpresley/Projects/voidrift/resources
2026-03-28T20:04:25 INFO boot run_id=plan-20260328-200425 project=/home/tjpresley/Projects/voidrift
2026-03-28T20:04:25 INFO loaded 144 resource sections from /home/tjpresley/Projects/voidrift/resources
2026-03-28T20:04:25 INFO boot run_id=plan-20260328-200425 project=/home/tjpresley/Projects/voidrift
2026-03-28T20:04:25 INFO loaded 144 resource sections from /home/tjpresley/Projects/voidrift/resources
2026-03-28T20:04:26 INFO boot run_id=develop-20260328-200426 project=/home/tjpresley/Projects/voidrift
2026-03-28T20:04:26 INFO loaded 144 resource sections from /home/tjpresley/Projects/voidrift/resources
2026-03-28T20:04:33 INFO boot run_id=develop-20260328-200433 project=/home/tjpresley/Projects/voidrift
2026-03-28T20:04:33 INFO loaded 144 resource sections from /home/tjpresley/Projects/voidrift/resources
2026-03-28T20:04:33 INFO boot run_id=develop-20260328-200433 project=/home/tjpresley/Projects/voidrift
2026-03-28T20:04:33 INFO loaded 144 resource sections from /home/tjpresley/Projects/voidrift/resources
2026-03-28T20:04:33 INFO boot run_id=develop-20260328-200433 project=/home/tjpresley/Projects/voidrift
2026-03-28T20:04:33 INFO loaded 144 resource sections from /home/tjpresley/Projects/voidrift/resources
2026-03-28T20:04:33 INFO boot run_id=automate-20260328-200433 project=/home/tjpresley/Projects/voidrift
2026-03-28T20:04:33 INFO loaded 144 resource sections from /home/tjpresley/Projects/voidrift/resources
2026-03-28T20:04:33 INFO boot run_id=automate-20260328-200433 project=/home/tjpresley/Projects/voidrift
2026-03-28T20:04:33 INFO loaded 144 resource sections from /home/tjpresley/Projects/voidrift/resources
2026-03-28T20:04:33 INFO boot run_id=automate-20260328-200433 project=/home/tjpresley/Projects/voidrift
2026-03-28T20:04:33 INFO loaded 144 resource sections from /home/tjpresley/Projects/voidrift/resources
2026-03-28T20:04:33 INFO boot run_id=verify-20260328-200433 project=/home/tjpresley/Projects/voidrift
2026-03-28T20:04:33 INFO loaded 144 resource sections from /home/tjpresley/Projects/voidrift/resources
2026-03-28T20:04:33 INFO boot run_id=verify-20260328-200433 project=/home/tjpresley/Projects/voidrift
2026-03-28T20:04:33 INFO loaded 144 resource sections from /home/tjpresley/Projects/voidrift/resources
2026-03-28T20:04:33 INFO boot run_id=verify-20260328-200433 project=/home/tjpresley/Projects/voidrift
2026-03-28T20:04:33 INFO loaded 144 resource sections from /home/tjpresley/Projects/voidrift/resources
2026-03-28T20:04:33 INFO boot run_id=verify-20260328-200433 project=/home/tjpresley/Projects/voidrift
2026-03-28T20:04:33 INFO loaded 144 resource sections from /home/tjpresley/Projects/voidrift/resources
2026-03-28T20:04:33 INFO boot run_id=plan-20260328-200433 project=/home/tjpresley/Projects/voidrift
2026-03-28T20:04:33 INFO loaded 144 resource sections from /home/tjpresley/Projects/voidrift/resources
2026-03-28T20:04:33 INFO boot run_id=plan-20260328-200433 project=/home/tjpresley/Projects/voidrift
2026-03-28T20:04:33 INFO loaded 144 resource sections from /home/tjpresley/Projects/voidrift/resources
2026-03-28T20:04:33 INFO boot run_id=plan-20260328-200433 project=/home/tjpresley/Projects/voidrift
2026-03-28T20:04:33 INFO loaded 144 resource sections from /home/tjpresley/Projects/voidrift/resources
2026-03-28T20:04:33 INFO boot run_id=develop-20260328-200433 project=/home/tjpresley/Projects/voidrift
2026-03-28T20:04:33 INFO loaded 144 resource sections from /home/tjpresley/Projects/voidrift/resources
2026-03-28T20:04:33 INFO boot run_id=develop-20260328-200433 project=/home/tjpresley/Projects/voidrift
2026-03-28T20:04:33 INFO loaded 144 resource sections from /home/tjpresley/Projects/voidrift/resources
2026-03-28T20:04:33 INFO boot run_id=develop-20260328-200433 project=/home/tjpresley/Projects/voidrift
2026-03-28T20:04:33 INFO loaded 144 resource sections from /home/tjpresley/Projects/voidrift/resources
2026-03-28T20:04:33 INFO boot run_id=develop-20260328-200433 project=/home/tjpresley/Projects/voidrift
2026-03-28T20:04:33 INFO loaded 144 resource sections from /home/tjpresley/Projects/voidrift/resources
2026-03-28T20:04:33 INFO boot run_id=develop-20260328-200433 project=/home/tjpresley/Projects/voidrift
2026-03-28T20:04:33 INFO loaded 144 resource sections from /home/tjpresley/Projects/voidrift/resources
2026-03-28T20:04:33 INFO boot run_id=chat-20260328-200433 project=/home/tjpresley/Projects/voidrift
2026-03-28T20:04:33 INFO loaded 144 resource sections from /home/tjpresley/Projects/voidrift/resources
2026-03-28T20:04:33 INFO boot run_id=develop-20260328-200433 project=/home/tjpresley/Projects/voidrift
2026-03-28T20:04:33 INFO loaded 144 resource sections from /home/tjpresley/Projects/voidrift/resources
2026-03-28T20:34:54 INFO boot run_id=unscoped project=/home/tjpresley/Projects/voidrift
2026-03-28T20:34:54 INFO loaded 144 resource sections from /home/tjpresley/Projects/voidrift/resources
2026-03-28T20:34:54 INFO boot run_id=unscoped project=/home/tjpresley/Projects/voidrift
2026-03-28T20:34:54 INFO loaded 144 resource sections from /home/tjpresley/Projects/voidrift/resources
2026-03-28T20:34:54 INFO boot run_id=unscoped project=/home/tjpresley/Projects/voidrift
2026-03-28T20:34:54 INFO loaded 144 resource sections from /home/tjpresley/Projects/voidrift/resources
2026-03-28T20:34:54 INFO boot run_id=unscoped project=/home/tjpresley/Projects/voidrift
2026-03-28T20:34:54 INFO loaded 144 resource sections from /home/tjpresley/Projects/voidrift/resources
2026-03-28T20:34:54 INFO boot run_id=unscoped project=/home/tjpresley/Projects/voidrift
2026-03-28T20:34:54 INFO loaded 144 resource sections from /home/tjpresley/Projects/voidrift/resources
2026-03-28T20:34:54 INFO boot run_id=unscoped project=/home/tjpresley/Projects/voidrift
2026-03-28T20:34:54 INFO loaded 144 resource sections from /home/tjpresley/Projects/voidrift/resources
2026-03-28T20:34:54 INFO boot run_id=unscoped project=/home/tjpresley/Projects/voidrift
2026-03-28T20:34:54 INFO loaded 144 resource sections from /home/tjpresley/Projects/voidrift/resources
2026-03-28T20:34:54 INFO boot run_id=plan-20260328-203454 project=/home/tjpresley/Projects/voidrift
2026-03-28T20:34:54 INFO loaded 144 resource sections from /home/tjpresley/Projects/voidrift/resources
2026-03-28T20:34:54 INFO boot run_id=plan-20260328-203454 project=/home/tjpresley/Projects/voidrift
2026-03-28T20:34:54 INFO loaded 144 resource sections from /home/tjpresley/Projects/voidrift/resources
2026-03-28T20:34:54 INFO boot run_id=plan-20260328-203454 project=/home/tjpresley/Projects/voidrift
2026-03-28T20:34:54 INFO loaded 144 resource sections from /home/tjpresley/Projects/voidrift/resources
2026-03-28T20:34:54 INFO boot run_id=plan-20260328-203454 project=/home/tjpresley/Projects/voidrift
2026-03-28T20:34:54 INFO loaded 144 resource sections from /home/tjpresley/Projects/voidrift/resources
2026-03-28T20:34:55 INFO boot run_id=develop-20260328-203455 project=/home/tjpresley/Projects/voidrift
2026-03-28T20:34:55 INFO loaded 144 resource sections from /home/tjpresley/Projects/voidrift/resources
2026-03-28T20:35:02 INFO boot run_id=develop-20260328-203502 project=/home/tjpresley/Projects/voidrift
2026-03-28T20:35:02 INFO loaded 144 resource sections from /home/tjpresley/Projects/voidrift/resources
2026-03-28T20:35:02 INFO boot run_id=develop-20260328-203502 project=/home/tjpresley/Projects/voidrift
2026-03-28T20:35:02 INFO loaded 144 resource sections from /home/tjpresley/Projects/voidrift/resources
2026-03-28T20:35:02 INFO boot run_id=develop-20260328-203502 project=/home/tjpresley/Projects/voidrift
2026-03-28T20:35:02 INFO loaded 144 resource sections from /home/tjpresley/Projects/voidrift/resources
2026-03-28T20:35:02 INFO boot run_id=automate-20260328-203502 project=/home/tjpresley/Projects/voidrift
2026-03-28T20:35:02 INFO loaded 144 resource sections from /home/tjpresley/Projects/voidrift/resources
2026-03-28T20:35:02 INFO boot run_id=automate-20260328-203502 project=/home/tjpresley/Projects/voidrift
2026-03-28T20:35:02 INFO loaded 144 resource sections from /home/tjpresley/Projects/voidrift/resources
2026-03-28T20:35:02 INFO boot run_id=automate-20260328-203502 project=/home/tjpresley/Projects/voidrift
2026-03-28T20:35:02 INFO loaded 144 resource sections from /home/tjpresley/Projects/voidrift/resources
2026-03-28T20:35:02 INFO boot run_id=verify-20260328-203502 project=/home/tjpresley/Projects/voidrift
2026-03-28T20:35:02 INFO loaded 144 resource sections from /home/tjpresley/Projects/voidrift/resources
2026-03-28T20:35:02 INFO boot run_id=verify-20260328-203502 project=/home/tjpresley/Projects/voidrift
2026-03-28T20:35:02 INFO loaded 144 resource sections from /home/tjpresley/Projects/voidrift/resources
2026-03-28T20:35:02 INFO boot run_id=verify-20260328-203502 project=/home/tjpresley/Projects/voidrift
2026-03-28T20:35:02 INFO loaded 144 resource sections from /home/tjpresley/Projects/voidrift/resources
2026-03-28T20:35:02 INFO boot run_id=verify-20260328-203502 project=/home/tjpresley/Projects/voidrift
2026-03-28T20:35:02 INFO loaded 144 resource sections from /home/tjpresley/Projects/voidrift/resources
2026-03-28T20:35:02 INFO boot run_id=plan-20260328-203502 project=/home/tjpresley/Projects/voidrift
2026-03-28T20:35:02 INFO loaded 144 resource sections from /home/tjpresley/Projects/voidrift/resources
2026-03-28T20:35:02 INFO boot run_id=plan-20260328-203502 project=/home/tjpresley/Projects/voidrift
2026-03-28T20:35:02 INFO loaded 144 resource sections from /home/tjpresley/Projects/voidrift/resources
2026-03-28T20:35:02 INFO boot run_id=plan-20260328-203502 project=/home/tjpresley/Projects/voidrift
2026-03-28T20:35:02 INFO loaded 144 resource sections from /home/tjpresley/Projects/voidrift/resources
2026-03-28T20:35:02 INFO boot run_id=develop-20260328-203502 project=/home/tjpresley/Projects/voidrift
2026-03-28T20:35:02 INFO loaded 144 resource sections from /home/tjpresley/Projects/voidrift/resources
2026-03-28T20:35:02 INFO boot run_id=develop-20260328-203502 project=/home/tjpresley/Projects/voidrift
2026-03-28T20:35:02 INFO loaded 144 resource sections from /home/tjpresley/Projects/voidrift/resources
2026-03-28T20:35:02 INFO boot run_id=develop-20260328-203502 project=/home/tjpresley/Projects/voidrift
2026-03-28T20:35:02 INFO loaded 144 resource sections from /home/tjpresley/Projects/voidrift/resources
2026-03-28T20:35:02 INFO boot run_id=develop-20260328-203502 project=/home/tjpresley/Projects/voidrift
2026-03-28T20:35:02 INFO loaded 144 resource sections from /home/tjpresley/Projects/voidrift/resources
2026-03-28T20:35:02 INFO boot run_id=develop-20260328-203502 project=/home/tjpresley/Projects/voidrift
2026-03-28T20:35:03 INFO loaded 144 resource sections from /home/tjpresley/Projects/voidrift/resources
2026-03-28T20:35:03 INFO boot run_id=chat-20260328-203503 project=/home/tjpresley/Projects/voidrift
2026-03-28T20:35:03 INFO loaded 144 resource sections from /home/tjpresley/Projects/voidrift/resources
2026-03-28T20:35:03 INFO boot run_id=develop-20260328-203503 project=/home/tjpresley/Projects/voidrift
2026-03-28T20:35:03 INFO loaded 144 resource sections from /home/tjpresley/Projects/voidrift/resources
2026-03-28T20:42:38 INFO boot run_id=unscoped project=/home/tjpresley/Projects/voidrift
2026-03-28T20:42:38 INFO loaded 144 resource sections from /home/tjpresley/Projects/voidrift/resources
2026-03-28T20:42:38 INFO boot run_id=unscoped project=/home/tjpresley/Projects/voidrift
2026-03-28T20:42:38 INFO loaded 144 resource sections from /home/tjpresley/Projects/voidrift/resources
2026-03-28T20:42:38 INFO boot run_id=unscoped project=/home/tjpresley/Projects/voidrift
2026-03-28T20:42:38 INFO loaded 144 resource sections from /home/tjpresley/Projects/voidrift/resources
2026-03-28T20:42:38 INFO boot run_id=unscoped project=/home/tjpresley/Projects/voidrift
2026-03-28T20:42:38 INFO loaded 144 resource sections from /home/tjpresley/Projects/voidrift/resources
2026-03-28T20:42:38 INFO boot run_id=unscoped project=/home/tjpresley/Projects/voidrift
2026-03-28T20:42:38 INFO loaded 144 resource sections from /home/tjpresley/Projects/voidrift/resources
2026-03-28T20:42:38 INFO boot run_id=unscoped project=/home/tjpresley/Projects/voidrift
2026-03-28T20:42:38 INFO loaded 144 resource sections from /home/tjpresley/Projects/voidrift/resources
2026-03-28T20:42:38 INFO boot run_id=unscoped project=/home/tjpresley/Projects/voidrift
2026-03-28T20:42:38 INFO loaded 144 resource sections from /home/tjpresley/Projects/voidrift/resources
2026-03-28T20:42:38 INFO boot run_id=plan-20260328-204238 project=/home/tjpresley/Projects/voidrift
2026-03-28T20:42:38 INFO loaded 144 resource sections from /home/tjpresley/Projects/voidrift/resources
2026-03-28T20:42:38 INFO boot run_id=plan-20260328-204238 project=/home/tjpresley/Projects/voidrift
2026-03-28T20:42:38 INFO loaded 144 resource sections from /home/tjpresley/Projects/voidrift/resources
2026-03-28T20:42:38 INFO boot run_id=plan-20260328-204238 project=/home/tjpresley/Projects/voidrift
2026-03-28T20:42:38 INFO loaded 144 resource sections from /home/tjpresley/Projects/voidrift/resources
2026-03-28T20:42:38 INFO boot run_id=plan-20260328-204238 project=/home/tjpresley/Projects/voidrift
2026-03-28T20:42:38 INFO loaded 144 resource sections from /home/tjpresley/Projects/voidrift/resources
2026-03-28T20:42:38 INFO boot run_id=develop-20260328-204238 project=/home/tjpresley/Projects/voidrift
2026-03-28T20:42:38 INFO loaded 144 resource sections from /home/tjpresley/Projects/voidrift/resources
2026-03-28T20:42:45 INFO boot run_id=develop-20260328-204245 project=/home/tjpresley/Projects/voidrift
2026-03-28T20:42:45 INFO loaded 144 resource sections from /home/tjpresley/Projects/voidrift/resources
2026-03-28T20:42:45 INFO boot run_id=develop-20260328-204245 project=/home/tjpresley/Projects/voidrift
2026-03-28T20:42:45 INFO loaded 144 resource sections from /home/tjpresley/Projects/voidrift/resources
2026-03-28T20:42:45 INFO boot run_id=develop-20260328-204245 project=/home/tjpresley/Projects/voidrift
2026-03-28T20:42:45 INFO loaded 144 resource sections from /home/tjpresley/Projects/voidrift/resources
2026-03-28T20:42:45 INFO boot run_id=automate-20260328-204245 project=/home/tjpresley/Projects/voidrift
2026-03-28T20:42:45 INFO loaded 144 resource sections from /home/tjpresley/Projects/voidrift/resources
2026-03-28T20:42:45 INFO boot run_id=automate-20260328-204245 project=/home/tjpresley/Projects/voidrift
2026-03-28T20:42:45 INFO loaded 144 resource sections from /home/tjpresley/Projects/voidrift/resources
2026-03-28T20:42:45 INFO boot run_id=automate-20260328-204245 project=/home/tjpresley/Projects/voidrift
2026-03-28T20:42:45 INFO loaded 144 resource sections from /home/tjpresley/Projects/voidrift/resources
2026-03-28T20:42:45 INFO boot run_id=verify-20260328-204245 project=/home/tjpresley/Projects/voidrift
2026-03-28T20:42:45 INFO loaded 144 resource sections from /home/tjpresley/Projects/voidrift/resources
2026-03-28T20:42:45 INFO boot run_id=verify-20260328-204245 project=/home/tjpresley/Projects/voidrift
2026-03-28T20:42:45 INFO loaded 144 resource sections from /home/tjpresley/Projects/voidrift/resources
2026-03-28T20:42:45 INFO boot run_id=verify-20260328-204245 project=/home/tjpresley/Projects/voidrift
2026-03-28T20:42:46 INFO loaded 144 resource sections from /home/tjpresley/Projects/voidrift/resources
2026-03-28T20:42:46 INFO boot run_id=verify-20260328-204246 project=/home/tjpresley/Projects/voidrift
2026-03-28T20:42:46 INFO loaded 144 resource sections from /home/tjpresley/Projects/voidrift/resources
2026-03-28T20:42:46 INFO boot run_id=plan-20260328-204246 project=/home/tjpresley/Projects/voidrift
2026-03-28T20:42:46 INFO loaded 144 resource sections from /home/tjpresley/Projects/voidrift/resources
2026-03-28T20:42:46 INFO boot run_id=plan-20260328-204246 project=/home/tjpresley/Projects/voidrift
2026-03-28T20:42:46 INFO loaded 144 resource sections from /home/tjpresley/Projects/voidrift/resources
2026-03-28T20:42:46 INFO boot run_id=plan-20260328-204246 project=/home/tjpresley/Projects/voidrift
2026-03-28T20:42:46 INFO loaded 144 resource sections from /home/tjpresley/Projects/voidrift/resources
2026-03-28T20:42:46 INFO boot run_id=develop-20260328-204246 project=/home/tjpresley/Projects/voidrift
2026-03-28T20:42:46 INFO loaded 144 resource sections from /home/tjpresley/Projects/voidrift/resources
2026-03-28T20:42:46 INFO boot run_id=develop-20260328-204246 project=/home/tjpresley/Projects/voidrift
2026-03-28T20:42:46 INFO loaded 144 resource sections from /home/tjpresley/Projects/voidrift/resources
2026-03-28T20:42:46 INFO boot run_id=develop-20260328-204246 project=/home/tjpresley/Projects/voidrift
2026-03-28T20:42:46 INFO loaded 144 resource sections from /home/tjpresley/Projects/voidrift/resources
2026-03-28T20:42:46 INFO boot run_id=develop-20260328-204246 project=/home/tjpresley/Projects/voidrift
2026-03-28T20:42:46 INFO loaded 144 resource sections from /home/tjpresley/Projects/voidrift/resources
2026-03-28T20:42:46 INFO boot run_id=develop-20260328-204246 project=/home/tjpresley/Projects/voidrift
2026-03-28T20:42:46 INFO loaded 144 resource sections from /home/tjpresley/Projects/voidrift/resources
2026-03-28T20:42:46 INFO boot run_id=chat-20260328-204246 project=/home/tjpresley/Projects/voidrift
2026-03-28T20:42:46 INFO loaded 144 resource sections from /home/tjpresley/Projects/voidrift/resources
2026-03-28T20:42:46 INFO boot run_id=develop-20260328-204246 project=/home/tjpresley/Projects/voidrift
2026-03-28T20:42:46 INFO loaded 144 resource sections from /home/tjpresley/Projects/voidrift/resources
2026-03-28T23:09:34 INFO boot run_id=unscoped project=/home/tjpresley/Projects/voidrift
2026-03-28T23:09:34 INFO loaded 144 resource sections from /home/tjpresley/Projects/voidrift/resources
2026-03-28T23:09:34 INFO boot run_id=unscoped project=/home/tjpresley/Projects/voidrift
2026-03-28T23:09:34 INFO loaded 144 resource sections from /home/tjpresley/Projects/voidrift/resources
2026-03-28T23:09:34 INFO boot run_id=unscoped project=/home/tjpresley/Projects/voidrift
2026-03-28T23:09:34 INFO loaded 144 resource sections from /home/tjpresley/Projects/voidrift/resources
2026-03-28T23:09:34 INFO boot run_id=unscoped project=/home/tjpresley/Projects/voidrift
2026-03-28T23:09:34 INFO loaded 144 resource sections from /home/tjpresley/Projects/voidrift/resources
2026-03-28T23:09:34 INFO boot run_id=unscoped project=/home/tjpresley/Projects/voidrift
2026-03-28T23:09:34 INFO loaded 144 resource sections from /home/tjpresley/Projects/voidrift/resources
2026-03-28T23:09:34 INFO boot run_id=unscoped project=/home/tjpresley/Projects/voidrift
2026-03-28T23:09:34 INFO loaded 144 resource sections from /home/tjpresley/Projects/voidrift/resources
2026-03-28T23:09:34 INFO boot run_id=unscoped project=/home/tjpresley/Projects/voidrift
2026-03-28T23:09:34 INFO loaded 144 resource sections from /home/tjpresley/Projects/voidrift/resources
2026-03-28T23:09:34 INFO boot run_id=plan-20260328-230934 project=/home/tjpresley/Projects/voidrift
2026-03-28T23:09:34 INFO loaded 144 resource sections from /home/tjpresley/Projects/voidrift/resources
2026-03-28T23:09:34 INFO boot run_id=plan-20260328-230934 project=/home/tjpresley/Projects/voidrift
2026-03-28T23:09:34 INFO loaded 144 resource sections from /home/tjpresley/Projects/voidrift/resources
2026-03-28T23:09:34 INFO boot run_id=plan-20260328-230934 project=/home/tjpresley/Projects/voidrift
2026-03-28T23:09:34 INFO loaded 144 resource sections from /home/tjpresley/Projects/voidrift/resources
2026-03-28T23:09:35 INFO boot run_id=plan-20260328-230935 project=/home/tjpresley/Projects/voidrift
2026-03-28T23:09:35 INFO loaded 144 resource sections from /home/tjpresley/Projects/voidrift/resources
2026-03-28T23:09:35 INFO boot run_id=develop-20260328-230935 project=/home/tjpresley/Projects/voidrift
2026-03-28T23:09:35 INFO loaded 144 resource sections from /home/tjpresley/Projects/voidrift/resources
2026-03-28T23:09:42 INFO boot run_id=develop-20260328-230942 project=/home/tjpresley/Projects/voidrift
2026-03-28T23:09:42 INFO loaded 144 resource sections from /home/tjpresley/Projects/voidrift/resources
2026-03-28T23:09:42 INFO boot run_id=develop-20260328-230942 project=/home/tjpresley/Projects/voidrift
2026-03-28T23:09:42 INFO loaded 144 resource sections from /home/tjpresley/Projects/voidrift/resources
2026-03-28T23:09:42 INFO boot run_id=develop-20260328-230942 project=/home/tjpresley/Projects/voidrift
2026-03-28T23:09:42 INFO loaded 144 resource sections from /home/tjpresley/Projects/voidrift/resources
2026-03-28T23:09:42 INFO boot run_id=automate-20260328-230942 project=/home/tjpresley/Projects/voidrift
2026-03-28T23:09:42 INFO loaded 144 resource sections from /home/tjpresley/Projects/voidrift/resources
2026-03-28T23:09:42 INFO boot run_id=automate-20260328-230942 project=/home/tjpresley/Projects/voidrift
2026-03-28T23:09:42 INFO loaded 144 resource sections from /home/tjpresley/Projects/voidrift/resources
2026-03-28T23:09:42 INFO boot run_id=automate-20260328-230942 project=/home/tjpresley/Projects/voidrift
2026-03-28T23:09:42 INFO loaded 144 resource sections from /home/tjpresley/Projects/voidrift/resources
2026-03-28T23:09:42 INFO boot run_id=verify-20260328-230942 project=/home/tjpresley/Projects/voidrift
2026-03-28T23:09:42 INFO loaded 144 resource sections from /home/tjpresley/Projects/voidrift/resources
2026-03-28T23:09:42 INFO boot run_id=verify-20260328-230942 project=/home/tjpresley/Projects/voidrift
2026-03-28T23:09:42 INFO loaded 144 resource sections from /home/tjpresley/Projects/voidrift/resources
2026-03-28T23:09:42 INFO boot run_id=verify-20260328-230942 project=/home/tjpresley/Projects/voidrift
2026-03-28T23:09:42 INFO loaded 144 resource sections from /home/tjpresley/Projects/voidrift/resources
2026-03-28T23:09:42 INFO boot run_id=verify-20260328-230942 project=/home/tjpresley/Projects/voidrift
2026-03-28T23:09:42 INFO loaded 144 resource sections from /home/tjpresley/Projects/voidrift/resources
2026-03-28T23:09:42 INFO boot run_id=plan-20260328-230942 project=/home/tjpresley/Projects/voidrift
2026-03-28T23:09:42 INFO loaded 144 resource sections from /home/tjpresley/Projects/voidrift/resources
2026-03-28T23:09:42 INFO boot run_id=plan-20260328-230942 project=/home/tjpresley/Projects/voidrift
2026-03-28T23:09:42 INFO loaded 144 resource sections from /home/tjpresley/Projects/voidrift/resources
2026-03-28T23:09:42 INFO boot run_id=plan-20260328-230942 project=/home/tjpresley/Projects/voidrift
2026-03-28T23:09:42 INFO loaded 144 resource sections from /home/tjpresley/Projects/voidrift/resources
2026-03-28T23:09:42 INFO boot run_id=develop-20260328-230942 project=/home/tjpresley/Projects/voidrift
2026-03-28T23:09:42 INFO loaded 144 resource sections from /home/tjpresley/Projects/voidrift/resources
2026-03-28T23:09:42 INFO boot run_id=develop-20260328-230942 project=/home/tjpresley/Projects/voidrift
2026-03-28T23:09:42 INFO loaded 144 resource sections from /home/tjpresley/Projects/voidrift/resources
2026-03-28T23:09:42 INFO boot run_id=develop-20260328-230942 project=/home/tjpresley/Projects/voidrift
2026-03-28T23:09:42 INFO loaded 144 resource sections from /home/tjpresley/Projects/voidrift/resources
2026-03-28T23:09:42 INFO boot run_id=develop-20260328-230942 project=/home/tjpresley/Projects/voidrift
2026-03-28T23:09:42 INFO loaded 144 resource sections from /home/tjpresley/Projects/voidrift/resources
2026-03-28T23:09:42 INFO boot run_id=develop-20260328-230942 project=/home/tjpresley/Projects/voidrift
2026-03-28T23:09:42 INFO loaded 144 resource sections from /home/tjpresley/Projects/voidrift/resources
2026-03-28T23:09:42 INFO boot run_id=chat-20260328-230942 project=/home/tjpresley/Projects/voidrift
2026-03-28T23:09:42 INFO loaded 144 resource sections from /home/tjpresley/Projects/voidrift/resources
2026-03-28T23:09:42 INFO boot run_id=develop-20260328-230942 project=/home/tjpresley/Projects/voidrift
2026-03-28T23:09:42 INFO loaded 144 resource sections from /home/tjpresley/Projects/voidrift/resources
2026-03-28T23:10:00 INFO boot run_id=unscoped project=/home/tjpresley/Projects/voidrift
2026-03-28T23:10:00 INFO loaded 144 resource sections from /home/tjpresley/Projects/voidrift/resources
2026-03-28T23:10:00 INFO boot run_id=unscoped project=/home/tjpresley/Projects/voidrift
2026-03-28T23:10:01 INFO loaded 144 resource sections from /home/tjpresley/Projects/voidrift/resources
2026-03-28T23:10:01 INFO boot run_id=unscoped project=/home/tjpresley/Projects/voidrift
2026-03-28T23:10:01 INFO loaded 144 resource sections from /home/tjpresley/Projects/voidrift/resources
2026-03-28T23:10:01 INFO boot run_id=unscoped project=/home/tjpresley/Projects/voidrift
2026-03-28T23:10:01 INFO loaded 144 resource sections from /home/tjpresley/Projects/voidrift/resources
2026-03-28T23:10:01 INFO boot run_id=unscoped project=/home/tjpresley/Projects/voidrift
2026-03-28T23:10:01 INFO loaded 144 resource sections from /home/tjpresley/Projects/voidrift/resources
2026-03-28T23:10:01 INFO boot run_id=unscoped project=/home/tjpresley/Projects/voidrift
2026-03-28T23:10:01 INFO loaded 144 resource sections from /home/tjpresley/Projects/voidrift/resources
2026-03-28T23:10:01 INFO boot run_id=unscoped project=/home/tjpresley/Projects/voidrift
2026-03-28T23:10:01 INFO loaded 144 resource sections from /home/tjpresley/Projects/voidrift/resources
2026-03-28T23:10:01 INFO boot run_id=plan-20260328-231001 project=/home/tjpresley/Projects/voidrift
2026-03-28T23:10:01 INFO loaded 144 resource sections from /home/tjpresley/Projects/voidrift/resources
2026-03-28T23:10:01 INFO boot run_id=plan-20260328-231001 project=/home/tjpresley/Projects/voidrift
2026-03-28T23:10:01 INFO loaded 144 resource sections from /home/tjpresley/Projects/voidrift/resources
2026-03-28T23:10:01 INFO boot run_id=plan-20260328-231001 project=/home/tjpresley/Projects/voidrift
2026-03-28T23:10:01 INFO loaded 144 resource sections from /home/tjpresley/Projects/voidrift/resources
2026-03-28T23:10:01 INFO boot run_id=plan-20260328-231001 project=/home/tjpresley/Projects/voidrift
2026-03-28T23:10:01 INFO loaded 144 resource sections from /home/tjpresley/Projects/voidrift/resources
2026-03-28T23:10:01 INFO boot run_id=develop-20260328-231001 project=/home/tjpresley/Projects/voidrift
2026-03-28T23:10:01 INFO loaded 144 resource sections from /home/tjpresley/Projects/voidrift/resources
2026-03-28T23:10:08 INFO boot run_id=develop-20260328-231008 project=/home/tjpresley/Projects/voidrift
2026-03-28T23:10:08 INFO loaded 144 resource sections from /home/tjpresley/Projects/voidrift/resources
2026-03-28T23:10:08 INFO boot run_id=develop-20260328-231008 project=/home/tjpresley/Projects/voidrift
2026-03-28T23:10:08 INFO loaded 144 resource sections from /home/tjpresley/Projects/voidrift/resources
2026-03-28T23:10:08 INFO boot run_id=develop-20260328-231008 project=/home/tjpresley/Projects/voidrift
2026-03-28T23:10:08 INFO loaded 144 resource sections from /home/tjpresley/Projects/voidrift/resources
2026-03-28T23:10:08 INFO boot run_id=automate-20260328-231008 project=/home/tjpresley/Projects/voidrift
2026-03-28T23:10:08 INFO loaded 144 resource sections from /home/tjpresley/Projects/voidrift/resources
2026-03-28T23:10:08 INFO boot run_id=automate-20260328-231008 project=/home/tjpresley/Projects/voidrift
2026-03-28T23:10:08 INFO loaded 144 resource sections from /home/tjpresley/Projects/voidrift/resources
2026-03-28T23:10:08 INFO boot run_id=automate-20260328-231008 project=/home/tjpresley/Projects/voidrift
2026-03-28T23:10:08 INFO loaded 144 resource sections from /home/tjpresley/Projects/voidrift/resources
2026-03-28T23:10:08 INFO boot run_id=verify-20260328-231008 project=/home/tjpresley/Projects/voidrift
2026-03-28T23:10:08 INFO loaded 144 resource sections from /home/tjpresley/Projects/voidrift/resources
2026-03-28T23:10:08 INFO boot run_id=verify-20260328-231008 project=/home/tjpresley/Projects/voidrift
2026-03-28T23:10:08 INFO loaded 144 resource sections from /home/tjpresley/Projects/voidrift/resources
2026-03-28T23:10:08 INFO boot run_id=verify-20260328-231008 project=/home/tjpresley/Projects/voidrift
2026-03-28T23:10:08 INFO loaded 144 resource sections from /home/tjpresley/Projects/voidrift/resources
2026-03-28T23:10:08 INFO boot run_id=verify-20260328-231008 project=/home/tjpresley/Projects/voidrift
2026-03-28T23:10:08 INFO loaded 144 resource sections from /home/tjpresley/Projects/voidrift/resources
2026-03-28T23:10:08 INFO boot run_id=plan-20260328-231008 project=/home/tjpresley/Projects/voidrift
2026-03-28T23:10:08 INFO loaded 144 resource sections from /home/tjpresley/Projects/voidrift/resources
2026-03-28T23:10:08 INFO boot run_id=plan-20260328-231008 project=/home/tjpresley/Projects/voidrift
2026-03-28T23:10:08 INFO loaded 144 resource sections from /home/tjpresley/Projects/voidrift/resources
2026-03-28T23:10:08 INFO boot run_id=plan-20260328-231008 project=/home/tjpresley/Projects/voidrift
2026-03-28T23:10:08 INFO loaded 144 resource sections from /home/tjpresley/Projects/voidrift/resources
2026-03-28T23:10:08 INFO boot run_id=develop-20260328-231008 project=/home/tjpresley/Projects/voidrift
2026-03-28T23:10:08 INFO loaded 144 resource sections from /home/tjpresley/Projects/voidrift/resources
2026-03-28T23:10:09 INFO boot run_id=develop-20260328-231009 project=/home/tjpresley/Projects/voidrift
2026-03-28T23:10:09 INFO loaded 144 resource sections from /home/tjpresley/Projects/voidrift/resources
2026-03-28T23:10:09 INFO boot run_id=develop-20260328-231009 project=/home/tjpresley/Projects/voidrift
2026-03-28T23:10:09 INFO loaded 144 resource sections from /home/tjpresley/Projects/voidrift/resources
2026-03-28T23:10:09 INFO boot run_id=develop-20260328-231009 project=/home/tjpresley/Projects/voidrift
2026-03-28T23:10:09 INFO loaded 144 resource sections from /home/tjpresley/Projects/voidrift/resources
2026-03-28T23:10:09 INFO boot run_id=develop-20260328-231009 project=/home/tjpresley/Projects/voidrift
2026-03-28T23:10:09 INFO loaded 144 resource sections from /home/tjpresley/Projects/voidrift/resources
2026-03-28T23:10:09 INFO boot run_id=chat-20260328-231009 project=/home/tjpresley/Projects/voidrift
2026-03-28T23:10:09 INFO loaded 144 resource sections from /home/tjpresley/Projects/voidrift/resources
2026-03-28T23:10:09 INFO boot run_id=develop-20260328-231009 project=/home/tjpresley/Projects/voidrift
2026-03-28T23:10:09 INFO loaded 144 resource sections from /home/tjpresley/Projects/voidrift/resources
2026-03-28T23:10:56 INFO boot run_id=unscoped project=/home/tjpresley/Projects/voidrift
2026-03-28T23:10:56 INFO loaded 144 resource sections from /home/tjpresley/Projects/voidrift/resources
2026-03-28T23:10:56 INFO boot run_id=unscoped project=/home/tjpresley/Projects/voidrift
2026-03-28T23:10:56 INFO loaded 144 resource sections from /home/tjpresley/Projects/voidrift/resources
2026-03-28T23:10:56 INFO boot run_id=unscoped project=/home/tjpresley/Projects/voidrift
2026-03-28T23:10:56 INFO loaded 144 resource sections from /home/tjpresley/Projects/voidrift/resources
2026-03-28T23:10:56 INFO boot run_id=unscoped project=/home/tjpresley/Projects/voidrift
2026-03-28T23:10:56 INFO loaded 144 resource sections from /home/tjpresley/Projects/voidrift/resources
2026-03-28T23:10:56 INFO boot run_id=unscoped project=/home/tjpresley/Projects/voidrift
2026-03-28T23:10:56 INFO loaded 144 resource sections from /home/tjpresley/Projects/voidrift/resources
2026-03-28T23:10:56 INFO boot run_id=unscoped project=/home/tjpresley/Projects/voidrift
2026-03-28T23:10:56 INFO loaded 144 resource sections from /home/tjpresley/Projects/voidrift/resources
2026-03-28T23:10:56 INFO boot run_id=unscoped project=/home/tjpresley/Projects/voidrift
2026-03-28T23:10:56 INFO loaded 144 resource sections from /home/tjpresley/Projects/voidrift/resources
2026-03-28T23:10:56 INFO boot run_id=plan-20260328-231056 project=/home/tjpresley/Projects/voidrift
2026-03-28T23:10:56 INFO loaded 144 resource sections from /home/tjpresley/Projects/voidrift/resources
2026-03-28T23:10:56 INFO boot run_id=plan-20260328-231056 project=/home/tjpresley/Projects/voidrift
2026-03-28T23:10:56 INFO loaded 144 resource sections from /home/tjpresley/Projects/voidrift/resources
2026-03-28T23:10:56 INFO boot run_id=plan-20260328-231056 project=/home/tjpresley/Projects/voidrift
2026-03-28T23:10:56 INFO loaded 144 resource sections from /home/tjpresley/Projects/voidrift/resources
2026-03-28T23:10:56 INFO boot run_id=plan-20260328-231056 project=/home/tjpresley/Projects/voidrift
2026-03-28T23:10:56 INFO loaded 144 resource sections from /home/tjpresley/Projects/voidrift/resources
2026-03-28T23:10:56 INFO boot run_id=develop-20260328-231056 project=/home/tjpresley/Projects/voidrift
2026-03-28T23:10:56 INFO loaded 144 resource sections from /home/tjpresley/Projects/voidrift/resources
2026-03-28T23:11:03 INFO boot run_id=develop-20260328-231103 project=/home/tjpresley/Projects/voidrift
2026-03-28T23:11:03 INFO loaded 144 resource sections from /home/tjpresley/Projects/voidrift/resources
2026-03-28T23:11:03 INFO boot run_id=develop-20260328-231103 project=/home/tjpresley/Projects/voidrift
2026-03-28T23:11:03 INFO loaded 144 resource sections from /home/tjpresley/Projects/voidrift/resources
2026-03-28T23:11:03 INFO boot run_id=develop-20260328-231103 project=/home/tjpresley/Projects/voidrift
2026-03-28T23:11:03 INFO loaded 144 resource sections from /home/tjpresley/Projects/voidrift/resources
2026-03-28T23:11:03 INFO boot run_id=automate-20260328-231103 project=/home/tjpresley/Projects/voidrift
2026-03-28T23:11:03 INFO loaded 144 resource sections from /home/tjpresley/Projects/voidrift/resources
2026-03-28T23:11:03 INFO boot run_id=automate-20260328-231103 project=/home/tjpresley/Projects/voidrift
2026-03-28T23:11:03 INFO loaded 144 resource sections from /home/tjpresley/Projects/voidrift/resources
2026-03-28T23:11:03 INFO boot run_id=automate-20260328-231103 project=/home/tjpresley/Projects/voidrift
2026-03-28T23:11:03 INFO loaded 144 resource sections from /home/tjpresley/Projects/voidrift/resources
2026-03-28T23:11:03 INFO boot run_id=verify-20260328-231103 project=/home/tjpresley/Projects/voidrift
2026-03-28T23:11:04 INFO loaded 144 resource sections from /home/tjpresley/Projects/voidrift/resources
2026-03-28T23:11:04 INFO boot run_id=verify-20260328-231104 project=/home/tjpresley/Projects/voidrift
2026-03-28T23:11:04 INFO loaded 144 resource sections from /home/tjpresley/Projects/voidrift/resources
2026-03-28T23:11:04 INFO boot run_id=verify-20260328-231104 project=/home/tjpresley/Projects/voidrift
2026-03-28T23:11:04 INFO loaded 144 resource sections from /home/tjpresley/Projects/voidrift/resources
2026-03-28T23:11:04 INFO boot run_id=verify-20260328-231104 project=/home/tjpresley/Projects/voidrift
2026-03-28T23:11:04 INFO loaded 144 resource sections from /home/tjpresley/Projects/voidrift/resources
2026-03-28T23:11:04 INFO boot run_id=plan-20260328-231104 project=/home/tjpresley/Projects/voidrift
2026-03-28T23:11:04 INFO loaded 144 resource sections from /home/tjpresley/Projects/voidrift/resources
2026-03-28T23:11:04 INFO boot run_id=plan-20260328-231104 project=/home/tjpresley/Projects/voidrift
2026-03-28T23:11:04 INFO loaded 144 resource sections from /home/tjpresley/Projects/voidrift/resources
2026-03-28T23:11:04 INFO boot run_id=plan-20260328-231104 project=/home/tjpresley/Projects/voidrift
2026-03-28T23:11:04 INFO loaded 144 resource sections from /home/tjpresley/Projects/voidrift/resources
2026-03-28T23:11:04 INFO boot run_id=develop-20260328-231104 project=/home/tjpresley/Projects/voidrift
2026-03-28T23:11:04 INFO loaded 144 resource sections from /home/tjpresley/Projects/voidrift/resources
2026-03-28T23:11:04 INFO boot run_id=develop-20260328-231104 project=/home/tjpresley/Projects/voidrift
2026-03-28T23:11:04 INFO loaded 144 resource sections from /home/tjpresley/Projects/voidrift/resources
2026-03-28T23:11:04 INFO boot run_id=develop-20260328-231104 project=/home/tjpresley/Projects/voidrift
2026-03-28T23:11:04 INFO loaded 144 resource sections from /home/tjpresley/Projects/voidrift/resources
2026-03-28T23:11:04 INFO boot run_id=develop-20260328-231104 project=/home/tjpresley/Projects/voidrift
2026-03-28T23:11:04 INFO loaded 144 resource sections from /home/tjpresley/Projects/voidrift/resources
2026-03-28T23:11:04 INFO boot run_id=develop-20260328-231104 project=/home/tjpresley/Projects/voidrift
2026-03-28T23:11:04 INFO loaded 144 resource sections from /home/tjpresley/Projects/voidrift/resources
2026-03-28T23:11:04 INFO boot run_id=chat-20260328-231104 project=/home/tjpresley/Projects/voidrift
2026-03-28T23:11:04 INFO loaded 144 resource sections from /home/tjpresley/Projects/voidrift/resources
2026-03-28T23:11:04 INFO boot run_id=develop-20260328-231104 project=/home/tjpresley/Projects/voidrift
2026-03-28T23:11:04 INFO loaded 144 resource sections from /home/tjpresley/Projects/voidrift/resources
2026-03-28T23:15:29 INFO boot run_id=unscoped project=/home/tjpresley/Projects/voidrift
2026-03-28T23:15:30 INFO loaded 144 resource sections from /home/tjpresley/Projects/voidrift/resources
2026-03-28T23:15:30 INFO boot run_id=unscoped project=/home/tjpresley/Projects/voidrift
2026-03-28T23:15:30 INFO loaded 144 resource sections from /home/tjpresley/Projects/voidrift/resources
2026-03-28T23:15:30 INFO boot run_id=unscoped project=/home/tjpresley/Projects/voidrift
2026-03-28T23:15:30 INFO loaded 144 resource sections from /home/tjpresley/Projects/voidrift/resources
2026-03-28T23:15:30 INFO boot run_id=unscoped project=/home/tjpresley/Projects/voidrift
2026-03-28T23:15:30 INFO loaded 144 resource sections from /home/tjpresley/Projects/voidrift/resources
2026-03-28T23:15:30 INFO boot run_id=unscoped project=/home/tjpresley/Projects/voidrift
2026-03-28T23:15:30 INFO loaded 144 resource sections from /home/tjpresley/Projects/voidrift/resources
2026-03-28T23:15:30 INFO boot run_id=unscoped project=/home/tjpresley/Projects/voidrift
2026-03-28T23:15:30 INFO loaded 144 resource sections from /home/tjpresley/Projects/voidrift/resources
2026-03-28T23:15:30 INFO boot run_id=unscoped project=/home/tjpresley/Projects/voidrift
2026-03-28T23:15:30 INFO loaded 144 resource sections from /home/tjpresley/Projects/voidrift/resources
2026-03-28T23:15:30 INFO boot run_id=plan-20260328-231530 project=/home/tjpresley/Projects/voidrift
2026-03-28T23:15:30 INFO loaded 144 resource sections from /home/tjpresley/Projects/voidrift/resources
2026-03-28T23:15:30 INFO boot run_id=plan-20260328-231530 project=/home/tjpresley/Projects/voidrift
2026-03-28T23:15:30 INFO loaded 144 resource sections from /home/tjpresley/Projects/voidrift/resources
2026-03-28T23:15:30 INFO boot run_id=plan-20260328-231530 project=/home/tjpresley/Projects/voidrift
2026-03-28T23:15:30 INFO loaded 144 resource sections from /home/tjpresley/Projects/voidrift/resources
2026-03-28T23:15:30 INFO boot run_id=plan-20260328-231530 project=/home/tjpresley/Projects/voidrift
2026-03-28T23:15:30 INFO loaded 144 resource sections from /home/tjpresley/Projects/voidrift/resources
2026-03-28T23:15:30 INFO boot run_id=develop-20260328-231530 project=/home/tjpresley/Projects/voidrift
2026-03-28T23:15:30 INFO loaded 144 resource sections from /home/tjpresley/Projects/voidrift/resources
2026-03-28T23:15:37 INFO boot run_id=develop-20260328-231537 project=/home/tjpresley/Projects/voidrift
2026-03-28T23:15:37 INFO loaded 144 resource sections from /home/tjpresley/Projects/voidrift/resources
2026-03-28T23:15:37 INFO boot run_id=develop-20260328-231537 project=/home/tjpresley/Projects/voidrift
2026-03-28T23:15:37 INFO loaded 144 resource sections from /home/tjpresley/Projects/voidrift/resources
2026-03-28T23:15:37 INFO boot run_id=develop-20260328-231537 project=/home/tjpresley/Projects/voidrift
2026-03-28T23:15:37 INFO loaded 144 resource sections from /home/tjpresley/Projects/voidrift/resources
2026-03-28T23:15:37 INFO boot run_id=automate-20260328-231537 project=/home/tjpresley/Projects/voidrift
2026-03-28T23:15:37 INFO loaded 144 resource sections from /home/tjpresley/Projects/voidrift/resources
2026-03-28T23:15:37 INFO boot run_id=automate-20260328-231537 project=/home/tjpresley/Projects/voidrift
2026-03-28T23:15:37 INFO loaded 144 resource sections from /home/tjpresley/Projects/voidrift/resources
2026-03-28T23:15:37 INFO boot run_id=automate-20260328-231537 project=/home/tjpresley/Projects/voidrift
2026-03-28T23:15:37 INFO loaded 144 resource sections from /home/tjpresley/Projects/voidrift/resources
2026-03-28T23:15:37 INFO boot run_id=verify-20260328-231537 project=/home/tjpresley/Projects/voidrift
2026-03-28T23:15:37 INFO loaded 144 resource sections from /home/tjpresley/Projects/voidrift/resources
2026-03-28T23:15:37 INFO boot run_id=verify-20260328-231537 project=/home/tjpresley/Projects/voidrift
2026-03-28T23:15:37 INFO loaded 144 resource sections from /home/tjpresley/Projects/voidrift/resources
2026-03-28T23:15:37 INFO boot run_id=verify-20260328-231537 project=/home/tjpresley/Projects/voidrift
2026-03-28T23:15:37 INFO loaded 144 resource sections from /home/tjpresley/Projects/voidrift/resources
2026-03-28T23:15:37 INFO boot run_id=verify-20260328-231537 project=/home/tjpresley/Projects/voidrift
2026-03-28T23:15:37 INFO loaded 144 resource sections from /home/tjpresley/Projects/voidrift/resources
2026-03-28T23:15:37 INFO boot run_id=plan-20260328-231537 project=/home/tjpresley/Projects/voidrift
2026-03-28T23:15:37 INFO loaded 144 resource sections from /home/tjpresley/Projects/voidrift/resources
2026-03-28T23:15:37 INFO boot run_id=plan-20260328-231537 project=/home/tjpresley/Projects/voidrift
2026-03-28T23:15:37 INFO loaded 144 resource sections from /home/tjpresley/Projects/voidrift/resources
2026-03-28T23:15:38 INFO boot run_id=plan-20260328-231538 project=/home/tjpresley/Projects/voidrift
2026-03-28T23:15:38 INFO loaded 144 resource sections from /home/tjpresley/Projects/voidrift/resources
2026-03-28T23:15:38 INFO boot run_id=develop-20260328-231538 project=/home/tjpresley/Projects/voidrift
2026-03-28T23:15:38 INFO loaded 144 resource sections from /home/tjpresley/Projects/voidrift/resources
2026-03-28T23:15:38 INFO boot run_id=develop-20260328-231538 project=/home/tjpresley/Projects/voidrift
2026-03-28T23:15:38 INFO loaded 144 resource sections from /home/tjpresley/Projects/voidrift/resources
2026-03-28T23:15:38 INFO boot run_id=develop-20260328-231538 project=/home/tjpresley/Projects/voidrift
2026-03-28T23:15:38 INFO loaded 144 resource sections from /home/tjpresley/Projects/voidrift/resources
2026-03-28T23:15:38 INFO boot run_id=develop-20260328-231538 project=/home/tjpresley/Projects/voidrift
2026-03-28T23:15:38 INFO loaded 144 resource sections from /home/tjpresley/Projects/voidrift/resources
2026-03-28T23:15:38 INFO boot run_id=develop-20260328-231538 project=/home/tjpresley/Projects/voidrift
2026-03-28T23:15:38 INFO loaded 144 resource sections from /home/tjpresley/Projects/voidrift/resources
2026-03-28T23:15:38 INFO boot run_id=chat-20260328-231538 project=/home/tjpresley/Projects/voidrift
2026-03-28T23:15:38 INFO loaded 144 resource sections from /home/tjpresley/Projects/voidrift/resources
2026-03-28T23:15:38 INFO boot run_id=develop-20260328-231538 project=/home/tjpresley/Projects/voidrift
2026-03-28T23:15:38 INFO loaded 144 resource sections from /home/tjpresley/Projects/voidrift/resources
2026-03-28T23:45:40 INFO boot run_id=unscoped project=/home/tjpresley/Projects/voidrift
2026-03-28T23:45:40 INFO loaded 144 resource sections from /home/tjpresley/Projects/voidrift/resources
2026-03-28T23:45:40 INFO boot run_id=unscoped project=/home/tjpresley/Projects/voidrift
2026-03-28T23:45:40 INFO loaded 144 resource sections from /home/tjpresley/Projects/voidrift/resources
2026-03-28T23:45:40 INFO boot run_id=unscoped project=/home/tjpresley/Projects/voidrift
2026-03-28T23:45:40 INFO loaded 144 resource sections from /home/tjpresley/Projects/voidrift/resources
2026-03-28T23:45:40 INFO boot run_id=unscoped project=/home/tjpresley/Projects/voidrift
2026-03-28T23:45:41 INFO loaded 144 resource sections from /home/tjpresley/Projects/voidrift/resources
2026-03-28T23:45:41 INFO boot run_id=unscoped project=/home/tjpresley/Projects/voidrift
2026-03-28T23:45:41 INFO loaded 144 resource sections from /home/tjpresley/Projects/voidrift/resources
2026-03-28T23:45:41 INFO boot run_id=unscoped project=/home/tjpresley/Projects/voidrift
2026-03-28T23:45:41 INFO loaded 144 resource sections from /home/tjpresley/Projects/voidrift/resources
2026-03-28T23:45:41 INFO boot run_id=unscoped project=/home/tjpresley/Projects/voidrift
2026-03-28T23:45:41 INFO loaded 144 resource sections from /home/tjpresley/Projects/voidrift/resources
2026-03-28T23:45:41 INFO boot run_id=plan-20260328-234541 project=/home/tjpresley/Projects/voidrift
2026-03-28T23:45:41 INFO loaded 144 resource sections from /home/tjpresley/Projects/voidrift/resources
2026-03-28T23:45:41 INFO boot run_id=plan-20260328-234541 project=/home/tjpresley/Projects/voidrift
2026-03-28T23:45:41 INFO loaded 144 resource sections from /home/tjpresley/Projects/voidrift/resources
2026-03-28T23:45:41 INFO boot run_id=plan-20260328-234541 project=/home/tjpresley/Projects/voidrift
2026-03-28T23:45:41 INFO loaded 144 resource sections from /home/tjpresley/Projects/voidrift/resources
2026-03-28T23:45:41 INFO boot run_id=plan-20260328-234541 project=/home/tjpresley/Projects/voidrift
2026-03-28T23:45:41 INFO loaded 144 resource sections from /home/tjpresley/Projects/voidrift/resources
2026-03-28T23:45:41 INFO boot run_id=develop-20260328-234541 project=/home/tjpresley/Projects/voidrift
2026-03-28T23:45:41 INFO loaded 144 resource sections from /home/tjpresley/Projects/voidrift/resources
2026-03-28T23:45:48 INFO boot run_id=develop-20260328-234548 project=/home/tjpresley/Projects/voidrift
2026-03-28T23:45:48 INFO loaded 144 resource sections from /home/tjpresley/Projects/voidrift/resources
2026-03-28T23:45:48 INFO boot run_id=develop-20260328-234548 project=/home/tjpresley/Projects/voidrift
2026-03-28T23:45:48 INFO loaded 144 resource sections from /home/tjpresley/Projects/voidrift/resources
2026-03-28T23:45:48 INFO boot run_id=develop-20260328-234548 project=/home/tjpresley/Projects/voidrift
2026-03-28T23:45:48 INFO loaded 144 resource sections from /home/tjpresley/Projects/voidrift/resources
2026-03-28T23:45:48 INFO boot run_id=automate-20260328-234548 project=/home/tjpresley/Projects/voidrift
2026-03-28T23:45:48 INFO loaded 144 resource sections from /home/tjpresley/Projects/voidrift/resources
2026-03-28T23:45:48 INFO boot run_id=automate-20260328-234548 project=/home/tjpresley/Projects/voidrift
2026-03-28T23:45:48 INFO loaded 144 resource sections from /home/tjpresley/Projects/voidrift/resources
2026-03-28T23:45:48 INFO boot run_id=automate-20260328-234548 project=/home/tjpresley/Projects/voidrift
2026-03-28T23:45:48 INFO loaded 144 resource sections from /home/tjpresley/Projects/voidrift/resources
2026-03-28T23:45:48 INFO boot run_id=verify-20260328-234548 project=/home/tjpresley/Projects/voidrift
2026-03-28T23:45:48 INFO loaded 144 resource sections from /home/tjpresley/Projects/voidrift/resources
2026-03-28T23:45:48 INFO boot run_id=verify-20260328-234548 project=/home/tjpresley/Projects/voidrift
2026-03-28T23:45:48 INFO loaded 144 resource sections from /home/tjpresley/Projects/voidrift/resources
2026-03-28T23:45:48 INFO boot run_id=verify-20260328-234548 project=/home/tjpresley/Projects/voidrift
2026-03-28T23:45:48 INFO loaded 144 resource sections from /home/tjpresley/Projects/voidrift/resources
2026-03-28T23:45:48 INFO boot run_id=verify-20260328-234548 project=/home/tjpresley/Projects/voidrift
2026-03-28T23:45:48 INFO loaded 144 resource sections from /home/tjpresley/Projects/voidrift/resources
2026-03-28T23:45:48 INFO boot run_id=plan-20260328-234548 project=/home/tjpresley/Projects/voidrift
2026-03-28T23:45:49 INFO loaded 144 resource sections from /home/tjpresley/Projects/voidrift/resources
2026-03-28T23:45:49 INFO boot run_id=plan-20260328-234549 project=/home/tjpresley/Projects/voidrift
2026-03-28T23:45:49 INFO loaded 144 resource sections from /home/tjpresley/Projects/voidrift/resources
2026-03-28T23:45:49 INFO boot run_id=plan-20260328-234549 project=/home/tjpresley/Projects/voidrift
2026-03-28T23:45:49 INFO loaded 144 resource sections from /home/tjpresley/Projects/voidrift/resources
2026-03-28T23:45:49 INFO boot run_id=develop-20260328-234549 project=/home/tjpresley/Projects/voidrift
2026-03-28T23:45:49 INFO loaded 144 resource sections from /home/tjpresley/Projects/voidrift/resources
2026-03-28T23:45:49 INFO boot run_id=develop-20260328-234549 project=/home/tjpresley/Projects/voidrift
2026-03-28T23:45:49 INFO loaded 144 resource sections from /home/tjpresley/Projects/voidrift/resources
2026-03-28T23:45:49 INFO boot run_id=develop-20260328-234549 project=/home/tjpresley/Projects/voidrift
2026-03-28T23:45:49 INFO loaded 144 resource sections from /home/tjpresley/Projects/voidrift/resources
2026-03-28T23:45:49 INFO boot run_id=develop-20260328-234549 project=/home/tjpresley/Projects/voidrift
2026-03-28T23:45:49 INFO loaded 144 resource sections from /home/tjpresley/Projects/voidrift/resources
2026-03-28T23:45:49 INFO boot run_id=develop-20260328-234549 project=/home/tjpresley/Projects/voidrift
2026-03-28T23:45:49 INFO loaded 144 resource sections from /home/tjpresley/Projects/voidrift/resources
2026-03-28T23:45:49 INFO boot run_id=chat-20260328-234549 project=/home/tjpresley/Projects/voidrift
2026-03-28T23:45:49 INFO loaded 144 resource sections from /home/tjpresley/Projects/voidrift/resources
2026-03-28T23:45:49 INFO boot run_id=develop-20260328-234549 project=/home/tjpresley/Projects/voidrift
2026-03-28T23:45:49 INFO loaded 144 resource sections from /home/tjpresley/Projects/voidrift/resources
2026-03-29T00:01:46 INFO boot run_id=unscoped project=/home/tjpresley/Projects/voidrift
2026-03-29T00:01:46 INFO loaded 151 resource sections from /home/tjpresley/Projects/voidrift/resources
2026-03-29T00:01:46 INFO boot run_id=unscoped project=/home/tjpresley/Projects/voidrift
2026-03-29T00:01:46 INFO loaded 151 resource sections from /home/tjpresley/Projects/voidrift/resources
2026-03-29T00:01:46 INFO boot run_id=unscoped project=/home/tjpresley/Projects/voidrift
2026-03-29T00:01:46 INFO loaded 151 resource sections from /home/tjpresley/Projects/voidrift/resources
2026-03-29T00:01:46 INFO boot run_id=unscoped project=/home/tjpresley/Projects/voidrift
2026-03-29T00:01:46 INFO loaded 151 resource sections from /home/tjpresley/Projects/voidrift/resources
2026-03-29T00:01:46 INFO boot run_id=unscoped project=/home/tjpresley/Projects/voidrift
2026-03-29T00:01:46 INFO loaded 151 resource sections from /home/tjpresley/Projects/voidrift/resources
2026-03-29T00:01:46 INFO boot run_id=unscoped project=/home/tjpresley/Projects/voidrift
2026-03-29T00:01:46 INFO loaded 151 resource sections from /home/tjpresley/Projects/voidrift/resources
2026-03-29T00:01:46 INFO boot run_id=unscoped project=/home/tjpresley/Projects/voidrift
2026-03-29T00:01:46 INFO loaded 151 resource sections from /home/tjpresley/Projects/voidrift/resources
2026-03-29T00:01:47 INFO boot run_id=plan-20260329-000147 project=/home/tjpresley/Projects/voidrift
2026-03-29T00:01:47 INFO loaded 151 resource sections from /home/tjpresley/Projects/voidrift/resources
2026-03-29T00:01:47 INFO boot run_id=plan-20260329-000147 project=/home/tjpresley/Projects/voidrift
2026-03-29T00:01:47 INFO loaded 151 resource sections from /home/tjpresley/Projects/voidrift/resources
2026-03-29T00:01:47 INFO boot run_id=plan-20260329-000147 project=/home/tjpresley/Projects/voidrift
2026-03-29T00:01:47 INFO loaded 151 resource sections from /home/tjpresley/Projects/voidrift/resources
2026-03-29T00:01:47 INFO boot run_id=plan-20260329-000147 project=/home/tjpresley/Projects/voidrift
2026-03-29T00:01:47 INFO loaded 151 resource sections from /home/tjpresley/Projects/voidrift/resources
2026-03-29T00:01:47 INFO boot run_id=develop-20260329-000147 project=/home/tjpresley/Projects/voidrift
2026-03-29T00:01:47 INFO loaded 151 resource sections from /home/tjpresley/Projects/voidrift/resources
2026-03-29T00:01:54 INFO boot run_id=develop-20260329-000154 project=/home/tjpresley/Projects/voidrift
2026-03-29T00:01:54 INFO loaded 151 resource sections from /home/tjpresley/Projects/voidrift/resources
2026-03-29T00:01:54 INFO boot run_id=develop-20260329-000154 project=/home/tjpresley/Projects/voidrift
2026-03-29T00:01:54 INFO loaded 151 resource sections from /home/tjpresley/Projects/voidrift/resources
2026-03-29T00:01:54 INFO boot run_id=develop-20260329-000154 project=/home/tjpresley/Projects/voidrift
2026-03-29T00:01:54 INFO loaded 151 resource sections from /home/tjpresley/Projects/voidrift/resources
2026-03-29T00:01:54 INFO boot run_id=automate-20260329-000154 project=/home/tjpresley/Projects/voidrift
2026-03-29T00:01:54 INFO loaded 151 resource sections from /home/tjpresley/Projects/voidrift/resources
2026-03-29T00:01:54 INFO boot run_id=automate-20260329-000154 project=/home/tjpresley/Projects/voidrift
2026-03-29T00:01:54 INFO loaded 151 resource sections from /home/tjpresley/Projects/voidrift/resources
2026-03-29T00:01:54 INFO boot run_id=automate-20260329-000154 project=/home/tjpresley/Projects/voidrift
2026-03-29T00:01:54 INFO loaded 151 resource sections from /home/tjpresley/Projects/voidrift/resources
2026-03-29T00:01:54 INFO boot run_id=verify-20260329-000154 project=/home/tjpresley/Projects/voidrift
2026-03-29T00:01:54 INFO loaded 151 resource sections from /home/tjpresley/Projects/voidrift/resources
2026-03-29T00:01:54 INFO boot run_id=verify-20260329-000154 project=/home/tjpresley/Projects/voidrift
2026-03-29T00:01:54 INFO loaded 151 resource sections from /home/tjpresley/Projects/voidrift/resources
2026-03-29T00:01:54 INFO boot run_id=verify-20260329-000154 project=/home/tjpresley/Projects/voidrift
2026-03-29T00:01:54 INFO loaded 151 resource sections from /home/tjpresley/Projects/voidrift/resources
2026-03-29T00:01:54 INFO boot run_id=verify-20260329-000154 project=/home/tjpresley/Projects/voidrift
2026-03-29T00:01:54 INFO loaded 151 resource sections from /home/tjpresley/Projects/voidrift/resources
2026-03-29T00:01:54 INFO boot run_id=plan-20260329-000154 project=/home/tjpresley/Projects/voidrift
2026-03-29T00:01:54 INFO loaded 151 resource sections from /home/tjpresley/Projects/voidrift/resources
2026-03-29T00:01:54 INFO boot run_id=plan-20260329-000154 project=/home/tjpresley/Projects/voidrift
2026-03-29T00:01:54 INFO loaded 151 resource sections from /home/tjpresley/Projects/voidrift/resources
2026-03-29T00:01:54 INFO boot run_id=plan-20260329-000154 project=/home/tjpresley/Projects/voidrift
2026-03-29T00:01:54 INFO loaded 151 resource sections from /home/tjpresley/Projects/voidrift/resources
2026-03-29T00:01:54 INFO boot run_id=develop-20260329-000154 project=/home/tjpresley/Projects/voidrift
2026-03-29T00:01:54 INFO loaded 151 resource sections from /home/tjpresley/Projects/voidrift/resources
2026-03-29T00:01:54 INFO boot run_id=develop-20260329-000154 project=/home/tjpresley/Projects/voidrift
2026-03-29T00:01:54 INFO loaded 151 resource sections from /home/tjpresley/Projects/voidrift/resources
2026-03-29T00:01:55 INFO boot run_id=develop-20260329-000154 project=/home/tjpresley/Projects/voidrift
2026-03-29T00:01:55 INFO loaded 151 resource sections from /home/tjpresley/Projects/voidrift/resources
2026-03-29T00:01:55 INFO boot run_id=develop-20260329-000154 project=/home/tjpresley/Projects/voidrift
2026-03-29T00:01:55 INFO loaded 151 resource sections from /home/tjpresley/Projects/voidrift/resources
2026-03-29T00:01:55 INFO boot run_id=develop-20260329-000154 project=/home/tjpresley/Projects/voidrift
2026-03-29T00:01:55 INFO loaded 151 resource sections from /home/tjpresley/Projects/voidrift/resources
2026-03-29T00:01:55 INFO boot run_id=chat-20260329-000155 project=/home/tjpresley/Projects/voidrift
2026-03-29T00:01:55 INFO loaded 151 resource sections from /home/tjpresley/Projects/voidrift/resources
2026-03-29T00:01:55 INFO boot run_id=develop-20260329-000155 project=/home/tjpresley/Projects/voidrift
2026-03-29T00:01:55 INFO loaded 151 resource sections from /home/tjpresley/Projects/voidrift/resources
2026-03-29T00:08:19 INFO boot run_id=unscoped project=/home/tjpresley/Projects/voidrift
2026-03-29T00:08:19 INFO loaded 151 resource sections from /home/tjpresley/Projects/voidrift/resources
2026-03-29T00:08:19 INFO boot run_id=unscoped project=/home/tjpresley/Projects/voidrift
2026-03-29T00:08:19 INFO loaded 151 resource sections from /home/tjpresley/Projects/voidrift/resources
2026-03-29T00:08:19 INFO boot run_id=unscoped project=/home/tjpresley/Projects/voidrift
2026-03-29T00:08:19 INFO loaded 151 resource sections from /home/tjpresley/Projects/voidrift/resources
2026-03-29T00:08:19 INFO boot run_id=unscoped project=/home/tjpresley/Projects/voidrift
2026-03-29T00:08:19 INFO loaded 151 resource sections from /home/tjpresley/Projects/voidrift/resources
2026-03-29T00:08:19 INFO boot run_id=unscoped project=/home/tjpresley/Projects/voidrift
2026-03-29T00:08:19 INFO loaded 151 resource sections from /home/tjpresley/Projects/voidrift/resources
2026-03-29T00:08:19 INFO boot run_id=unscoped project=/home/tjpresley/Projects/voidrift
2026-03-29T00:08:19 INFO loaded 151 resource sections from /home/tjpresley/Projects/voidrift/resources
2026-03-29T00:08:19 INFO boot run_id=unscoped project=/home/tjpresley/Projects/voidrift
2026-03-29T00:08:19 INFO loaded 151 resource sections from /home/tjpresley/Projects/voidrift/resources
2026-03-29T00:08:20 INFO boot run_id=plan-20260329-000820 project=/home/tjpresley/Projects/voidrift
2026-03-29T00:08:20 INFO loaded 151 resource sections from /home/tjpresley/Projects/voidrift/resources
2026-03-29T00:08:20 INFO boot run_id=plan-20260329-000820 project=/home/tjpresley/Projects/voidrift
2026-03-29T00:08:20 INFO loaded 151 resource sections from /home/tjpresley/Projects/voidrift/resources
2026-03-29T00:08:20 INFO boot run_id=plan-20260329-000820 project=/home/tjpresley/Projects/voidrift
2026-03-29T00:08:20 INFO loaded 151 resource sections from /home/tjpresley/Projects/voidrift/resources
2026-03-29T00:08:20 INFO boot run_id=plan-20260329-000820 project=/home/tjpresley/Projects/voidrift
2026-03-29T00:08:20 INFO loaded 151 resource sections from /home/tjpresley/Projects/voidrift/resources
2026-03-29T00:08:20 INFO boot run_id=develop-20260329-000820 project=/home/tjpresley/Projects/voidrift
2026-03-29T00:08:20 INFO loaded 151 resource sections from /home/tjpresley/Projects/voidrift/resources
2026-03-29T00:08:27 INFO boot run_id=develop-20260329-000827 project=/home/tjpresley/Projects/voidrift
2026-03-29T00:08:27 INFO loaded 151 resource sections from /home/tjpresley/Projects/voidrift/resources
2026-03-29T00:08:27 INFO boot run_id=develop-20260329-000827 project=/home/tjpresley/Projects/voidrift
2026-03-29T00:08:27 INFO loaded 151 resource sections from /home/tjpresley/Projects/voidrift/resources
2026-03-29T00:08:27 INFO boot run_id=develop-20260329-000827 project=/home/tjpresley/Projects/voidrift
2026-03-29T00:08:27 INFO loaded 151 resource sections from /home/tjpresley/Projects/voidrift/resources
2026-03-29T00:08:27 INFO boot run_id=automate-20260329-000827 project=/home/tjpresley/Projects/voidrift
2026-03-29T00:08:27 INFO loaded 151 resource sections from /home/tjpresley/Projects/voidrift/resources
2026-03-29T00:08:27 INFO boot run_id=automate-20260329-000827 project=/home/tjpresley/Projects/voidrift
2026-03-29T00:08:27 INFO loaded 151 resource sections from /home/tjpresley/Projects/voidrift/resources
2026-03-29T00:08:27 INFO boot run_id=automate-20260329-000827 project=/home/tjpresley/Projects/voidrift
2026-03-29T00:08:27 INFO loaded 151 resource sections from /home/tjpresley/Projects/voidrift/resources
2026-03-29T00:08:27 INFO boot run_id=verify-20260329-000827 project=/home/tjpresley/Projects/voidrift
2026-03-29T00:08:27 INFO loaded 151 resource sections from /home/tjpresley/Projects/voidrift/resources
2026-03-29T00:08:27 INFO boot run_id=verify-20260329-000827 project=/home/tjpresley/Projects/voidrift
2026-03-29T00:08:27 INFO loaded 151 resource sections from /home/tjpresley/Projects/voidrift/resources
2026-03-29T00:08:27 INFO boot run_id=verify-20260329-000827 project=/home/tjpresley/Projects/voidrift
2026-03-29T00:08:27 INFO loaded 151 resource sections from /home/tjpresley/Projects/voidrift/resources
2026-03-29T00:08:27 INFO boot run_id=verify-20260329-000827 project=/home/tjpresley/Projects/voidrift
2026-03-29T00:08:27 INFO loaded 151 resource sections from /home/tjpresley/Projects/voidrift/resources
2026-03-29T00:08:27 INFO boot run_id=plan-20260329-000827 project=/home/tjpresley/Projects/voidrift
2026-03-29T00:08:27 INFO loaded 151 resource sections from /home/tjpresley/Projects/voidrift/resources
2026-03-29T00:08:27 INFO boot run_id=plan-20260329-000827 project=/home/tjpresley/Projects/voidrift
2026-03-29T00:08:27 INFO loaded 151 resource sections from /home/tjpresley/Projects/voidrift/resources
2026-03-29T00:08:27 INFO boot run_id=plan-20260329-000827 project=/home/tjpresley/Projects/voidrift
2026-03-29T00:08:27 INFO loaded 151 resource sections from /home/tjpresley/Projects/voidrift/resources
2026-03-29T00:08:27 INFO boot run_id=develop-20260329-000827 project=/home/tjpresley/Projects/voidrift
2026-03-29T00:08:27 INFO loaded 151 resource sections from /home/tjpresley/Projects/voidrift/resources
2026-03-29T00:08:27 INFO boot run_id=develop-20260329-000827 project=/home/tjpresley/Projects/voidrift
2026-03-29T00:08:27 INFO loaded 151 resource sections from /home/tjpresley/Projects/voidrift/resources
2026-03-29T00:08:27 INFO boot run_id=develop-20260329-000827 project=/home/tjpresley/Projects/voidrift
2026-03-29T00:08:27 INFO loaded 151 resource sections from /home/tjpresley/Projects/voidrift/resources
2026-03-29T00:08:27 INFO boot run_id=develop-20260329-000827 project=/home/tjpresley/Projects/voidrift
2026-03-29T00:08:27 INFO loaded 151 resource sections from /home/tjpresley/Projects/voidrift/resources
2026-03-29T00:08:27 INFO boot run_id=develop-20260329-000827 project=/home/tjpresley/Projects/voidrift
2026-03-29T00:08:28 INFO loaded 151 resource sections from /home/tjpresley/Projects/voidrift/resources
2026-03-29T00:08:28 INFO boot run_id=chat-20260329-000828 project=/home/tjpresley/Projects/voidrift
2026-03-29T00:08:28 INFO loaded 151 resource sections from /home/tjpresley/Projects/voidrift/resources
2026-03-29T00:08:28 INFO boot run_id=develop-20260329-000828 project=/home/tjpresley/Projects/voidrift
2026-03-29T00:08:28 INFO loaded 151 resource sections from /home/tjpresley/Projects/voidrift/resources
2026-03-29T00:16:32 INFO boot run_id=unscoped project=/home/tjpresley/Projects/voidrift
2026-03-29T00:16:32 INFO loaded 151 resource sections from /home/tjpresley/Projects/voidrift/resources
2026-03-29T00:16:32 INFO boot run_id=unscoped project=/home/tjpresley/Projects/voidrift
2026-03-29T00:16:32 INFO loaded 151 resource sections from /home/tjpresley/Projects/voidrift/resources
2026-03-29T00:16:32 INFO boot run_id=unscoped project=/home/tjpresley/Projects/voidrift
2026-03-29T00:16:32 INFO loaded 151 resource sections from /home/tjpresley/Projects/voidrift/resources
2026-03-29T00:16:32 INFO boot run_id=unscoped project=/home/tjpresley/Projects/voidrift
2026-03-29T00:16:32 INFO loaded 151 resource sections from /home/tjpresley/Projects/voidrift/resources
2026-03-29T00:16:32 INFO boot run_id=unscoped project=/home/tjpresley/Projects/voidrift
2026-03-29T00:16:32 INFO loaded 151 resource sections from /home/tjpresley/Projects/voidrift/resources
2026-03-29T00:16:32 INFO boot run_id=unscoped project=/home/tjpresley/Projects/voidrift
2026-03-29T00:16:32 INFO loaded 151 resource sections from /home/tjpresley/Projects/voidrift/resources
2026-03-29T00:16:32 INFO boot run_id=unscoped project=/home/tjpresley/Projects/voidrift
2026-03-29T00:16:32 INFO loaded 151 resource sections from /home/tjpresley/Projects/voidrift/resources
2026-03-29T00:16:32 INFO boot run_id=plan-20260329-001632 project=/home/tjpresley/Projects/voidrift
2026-03-29T00:16:32 INFO loaded 151 resource sections from /home/tjpresley/Projects/voidrift/resources
2026-03-29T00:16:32 INFO boot run_id=plan-20260329-001632 project=/home/tjpresley/Projects/voidrift
2026-03-29T00:16:32 INFO loaded 151 resource sections from /home/tjpresley/Projects/voidrift/resources
2026-03-29T00:16:32 INFO boot run_id=plan-20260329-001632 project=/home/tjpresley/Projects/voidrift
2026-03-29T00:16:32 INFO loaded 151 resource sections from /home/tjpresley/Projects/voidrift/resources
2026-03-29T00:16:32 INFO boot run_id=plan-20260329-001632 project=/home/tjpresley/Projects/voidrift
2026-03-29T00:16:32 INFO loaded 151 resource sections from /home/tjpresley/Projects/voidrift/resources
2026-03-29T00:16:32 INFO boot run_id=develop-20260329-001632 project=/home/tjpresley/Projects/voidrift
2026-03-29T00:16:32 INFO loaded 151 resource sections from /home/tjpresley/Projects/voidrift/resources
2026-03-29T00:16:39 INFO boot run_id=develop-20260329-001639 project=/home/tjpresley/Projects/voidrift
2026-03-29T00:16:39 INFO loaded 151 resource sections from /home/tjpresley/Projects/voidrift/resources
2026-03-29T00:16:39 INFO boot run_id=develop-20260329-001639 project=/home/tjpresley/Projects/voidrift
2026-03-29T00:16:39 INFO loaded 151 resource sections from /home/tjpresley/Projects/voidrift/resources
2026-03-29T00:16:39 INFO boot run_id=develop-20260329-001639 project=/home/tjpresley/Projects/voidrift
2026-03-29T00:16:39 INFO loaded 151 resource sections from /home/tjpresley/Projects/voidrift/resources
2026-03-29T00:16:39 INFO boot run_id=automate-20260329-001639 project=/home/tjpresley/Projects/voidrift
2026-03-29T00:16:39 INFO loaded 151 resource sections from /home/tjpresley/Projects/voidrift/resources
2026-03-29T00:16:39 INFO boot run_id=automate-20260329-001639 project=/home/tjpresley/Projects/voidrift
2026-03-29T00:16:39 INFO loaded 151 resource sections from /home/tjpresley/Projects/voidrift/resources
2026-03-29T00:16:39 INFO boot run_id=automate-20260329-001639 project=/home/tjpresley/Projects/voidrift
2026-03-29T00:16:39 INFO loaded 151 resource sections from /home/tjpresley/Projects/voidrift/resources
2026-03-29T00:16:39 INFO boot run_id=verify-20260329-001639 project=/home/tjpresley/Projects/voidrift
2026-03-29T00:16:39 INFO loaded 151 resource sections from /home/tjpresley/Projects/voidrift/resources
2026-03-29T00:16:39 INFO boot run_id=verify-20260329-001639 project=/home/tjpresley/Projects/voidrift
2026-03-29T00:16:39 INFO loaded 151 resource sections from /home/tjpresley/Projects/voidrift/resources
2026-03-29T00:16:39 INFO boot run_id=verify-20260329-001639 project=/home/tjpresley/Projects/voidrift
2026-03-29T00:16:39 INFO loaded 151 resource sections from /home/tjpresley/Projects/voidrift/resources
2026-03-29T00:16:39 INFO boot run_id=verify-20260329-001639 project=/home/tjpresley/Projects/voidrift
2026-03-29T00:16:39 INFO loaded 151 resource sections from /home/tjpresley/Projects/voidrift/resources
2026-03-29T00:16:39 INFO boot run_id=plan-20260329-001639 project=/home/tjpresley/Projects/voidrift
2026-03-29T00:16:39 INFO loaded 151 resource sections from /home/tjpresley/Projects/voidrift/resources
2026-03-29T00:16:39 INFO boot run_id=plan-20260329-001639 project=/home/tjpresley/Projects/voidrift
2026-03-29T00:16:40 INFO loaded 151 resource sections from /home/tjpresley/Projects/voidrift/resources
2026-03-29T00:16:40 INFO boot run_id=plan-20260329-001640 project=/home/tjpresley/Projects/voidrift
2026-03-29T00:16:40 INFO loaded 151 resource sections from /home/tjpresley/Projects/voidrift/resources
2026-03-29T00:16:40 INFO boot run_id=develop-20260329-001640 project=/home/tjpresley/Projects/voidrift
2026-03-29T00:16:40 INFO loaded 151 resource sections from /home/tjpresley/Projects/voidrift/resources
2026-03-29T00:16:40 INFO boot run_id=develop-20260329-001640 project=/home/tjpresley/Projects/voidrift
2026-03-29T00:16:40 INFO loaded 151 resource sections from /home/tjpresley/Projects/voidrift/resources
2026-03-29T00:16:40 INFO boot run_id=develop-20260329-001640 project=/home/tjpresley/Projects/voidrift
2026-03-29T00:16:40 INFO loaded 151 resource sections from /home/tjpresley/Projects/voidrift/resources
2026-03-29T00:16:40 INFO boot run_id=develop-20260329-001640 project=/home/tjpresley/Projects/voidrift
2026-03-29T00:16:40 INFO loaded 151 resource sections from /home/tjpresley/Projects/voidrift/resources
2026-03-29T00:16:40 INFO boot run_id=develop-20260329-001640 project=/home/tjpresley/Projects/voidrift
2026-03-29T00:16:40 INFO loaded 151 resource sections from /home/tjpresley/Projects/voidrift/resources
2026-03-29T00:16:40 INFO boot run_id=chat-20260329-001640 project=/home/tjpresley/Projects/voidrift
2026-03-29T00:16:40 INFO loaded 151 resource sections from /home/tjpresley/Projects/voidrift/resources
2026-03-29T00:16:40 INFO boot run_id=develop-20260329-001640 project=/home/tjpresley/Projects/voidrift
2026-03-29T00:16:40 INFO loaded 151 resource sections from /home/tjpresley/Projects/voidrift/resources
